,A[C>A]A,A[C>A]C,A[C>A]G,A[C>A]T,A[C>G]A,A[C>G]C,A[C>G]G,A[C>G]T,A[C>T]A,A[C>T]C,A[C>T]G,A[C>T]T,A[T>A]A,A[T>A]C,A[T>A]G,A[T>A]T,A[T>C]A,A[T>C]C,A[T>C]G,A[T>C]T,A[T>G]A,A[T>G]C,A[T>G]G,A[T>G]T,C[C>A]A,C[C>A]C,C[C>A]G,C[C>A]T,C[C>G]A,C[C>G]C,C[C>G]G,C[C>G]T,C[C>T]A,C[C>T]C,C[C>T]G,C[C>T]T,C[T>A]A,C[T>A]C,C[T>A]G,C[T>A]T,C[T>C]A,C[T>C]C,C[T>C]G,C[T>C]T,C[T>G]A,C[T>G]C,C[T>G]G,C[T>G]T,G[C>A]A,G[C>A]C,G[C>A]G,G[C>A]T,G[C>G]A,G[C>G]C,G[C>G]G,G[C>G]T,G[C>T]A,G[C>T]C,G[C>T]G,G[C>T]T,G[T>A]A,G[T>A]C,G[T>A]G,G[T>A]T,G[T>C]A,G[T>C]C,G[T>C]G,G[T>C]T,G[T>G]A,G[T>G]C,G[T>G]G,G[T>G]T,T[C>A]A,T[C>A]C,T[C>A]G,T[C>A]T,T[C>G]A,T[C>G]C,T[C>G]G,T[C>G]T,T[C>T]A,T[C>T]C,T[C>T]G,T[C>T]T,T[T>A]A,T[T>A]C,T[T>A]G,T[T>A]T,T[T>C]A,T[T>C]C,T[T>C]G,T[T>C]T,T[T>G]A,T[T>G]C,T[T>G]G,T[T>G]T
Signature 1,0.01109833,0.00914934,0.00149007,0.00623389,0.00180107,0.00258091,0.00059255,0.00296399,0.02951453,0.01432275,0.17164693,0.01262376,0.00402152,0.00237114,0.00281091,0.00836091,0.01391577,0.00627496,0.01013764,0.00925632,0.00158764,0.00178409,0.00138583,0.00315854,0.00659587,0.00734237,0.00089284,0.00718658,0.00128498,0.00070213,0.00050629,0.00138154,0.02089645,0.01850170,0.09557722,0.01711331,0.00118259,0.00190317,0.00148796,0.00217934,0.00417667,0.00525259,0.00701323,0.00671381,0.00030269,0.00209850,0.00159955,0.00275854,0.00823260,0.00575802,0.00061634,0.00445908,0.00060212,0.00239335,0.00000025,0.00089008,0.02494381,0.02716149,0.10357076,0.01768985,0.00068929,0.00055241,0.00120023,0.00210714,0.01124784,0.00699972,0.00497759,0.01066741,0.00009905,0.00020237,0.00118835,0.00080072,0.01225006,0.01116223,0.00227550,0.01525910,0.00187485,0.00206742,0.00030490,0.00315157,0.01449210,0.01768078,0.07600222,0.01376170,0.00560016,0.00199908,0.00109007,0.00398102,0.00807362,0.00485738,0.00832545,0.00625711,0.00139755,0.00129174,0.00203108,0.00403013
Signature 2,0.00068271,0.00061911,0.00009928,0.00032389,0.00026348,0.00026987,0.00021923,0.00061097,0.00744156,0.00272631,0.00332208,0.00332653,0.00000013,0.00011307,0.00053293,0.00014911,0.00130351,0.00042558,0.00057547,0.00148816,0.00003372,0.00002484,0.00027345,0.00021769,0.00067744,0.00021368,0.00000677,0.00041633,0.00002777,0.00027964,0.00001916,0.00031278,0.01501951,0.00351692,0.00497928,0.00895655,0.00015460,0.00046402,0.00023041,0.00057489,0.00054662,0.00039233,0.00036202,0.00056090,0.00011378,0.00002210,0.00022825,0.00006711,0.00035201,0.00013382,0.00017844,0.00012283,0.00004484,0.00001452,0.00004067,0.00026843,0.00639081,0.00199582,0.00030302,0.00326582,0.00011499,0.00029386,0.00008872,0.00021576,0.00000467,0.00018607,0.00000050,0.00057860,0.00009555,0.00004700,0.00010993,0.00008648,0.01512743,0.00653249,0.00165646,0.01239461,0.03724185,0.00001941,0.00162547,0.06687990,0.41994140,0.08197250,0.04772019,0.22867492,0.00008075,0.00000480,0.00006661,0.00027632,0.00010193,0.00047034,0.00019235,0.00058533,0.00007174,0.00001428,0.00020662,0.00002360
Signature 3,0.02217231,0.01787168,0.00213834,0.01626515,0.02400262,0.01216030,0.00527542,0.02327766,0.01787217,0.00889603,0.00357271,0.01479761,0.00842856,0.00737310,0.00735730,0.00875394,0.01303571,0.00918629,0.01171692,0.01697887,0.00235137,0.00146423,0.00905378,0.00703098,0.01878173,0.01576046,0.00196339,0.01472286,0.01683257,0.01353144,0.00417646,0.02404639,0.01439506,0.00854478,0.00351847,0.01607555,0.00757132,0.01272546,0.01150856,0.01645618,0.00789501,0.01443117,0.00842297,0.01193243,0.00197418,0.00582430,0.01046465,0.00872439,0.00969654,0.01084334,0.00092914,0.01221538,0.01191684,0.00982365,0.00167105,0.01791433,0.01612727,0.00820863,0.00121292,0.01061165,0.00443478,0.00561543,0.00807014,0.00867912,0.00685006,0.00626075,0.00609876,0.00750934,0.00414449,0.00450199,0.01639145,0.00706724,0.01165322,0.01660678,0.00135724,0.01632808,0.01604141,0.02014992,0.00252791,0.03267364,0.00888021,0.01352957,0.00170541,0.01030442,0.00713268,0.00910280,0.00656586,0.01471214,0.00911550,0.01095379,0.00611303,0.01077434,0.00542718,0.00616025,0.01107653,0.01300098
Signature 4,0.03650000,0.03090000,0.01830000,0.02430000,0.00970000,0.00540000,0.00310000,0.00540000,0.01200000,0.00750000,0.00280000,0.00590000,0.00480000,0.00390000,0.01000000,0.00300000,0.00840000,0.00200000,0.00810000,0.00360000,0.00000000,0.00020000,0.00150000,0.00020000,0.04610000,0.06140000,0.00880000,0.04320000,0.01050000,0.00970000,0.00630000,0.00940000,0.02100000,0.01440000,0.00760000,0.02010000,0.00750000,0.01110000,0.03420000,0.01150000,0.00520000,0.00260000,0.01000000,0.00540000,0.00000000,0.00130000,0.00460000,0.00120000,0.03760000,0.03990000,0.02270000,0.02580000,0.00700000,0.00910000,0.00620000,0.00600000,0.00870000,0.00800000,0.00230000,0.00820000,0.00690000,0.00520000,0.01330000,0.00450000,0.00610000,0.00160000,0.00420000,0.00240000,0.00000000,0.00000000,0.00180000,0.00020000,0.03300000,0.05380000,0.01040000,0.03700000,0.00320000,0.01050000,0.00310000,0.00500000,0.00350000,0.00700000,0.00110000,0.00770000,0.00450000,0.00460000,0.00820000,0.00450000,0.00280000,0.00160000,0.00360000,0.00220000,0.00000000,0.00030000,0.00300000,0.00110000
Signature 5,0.01494155,0.00896092,0.00220785,0.00920691,0.01167102,0.00729209,0.00230384,0.01169625,0.02183919,0.01275611,0.01676018,0.01647795,0.00890290,0.00739920,0.01150805,0.01119362,0.03536674,0.01377110,0.02844905,0.02730297,0.00346215,0.00224659,0.00549022,0.00382123,0.00967490,0.00495230,0.00280063,0.01101347,0.00753752,0.00763323,0.00261376,0.00941710,0.02276921,0.01750948,0.01286224,0.02042951,0.00504316,0.00620884,0.01050757,0.00978464,0.01423863,0.01248950,0.01874163,0.01905408,0.00204165,0.00347850,0.00714746,0.01148681,0.01189217,0.00924786,0.00280919,0.01030127,0.00555942,0.00538880,0.00110059,0.00604125,0.02003826,0.01802231,0.01319382,0.01950292,0.00674039,0.00402160,0.00681435,0.00510103,0.01629498,0.00957456,0.01410393,0.01566687,0.00162766,0.00032773,0.00594888,0.00330747,0.01477402,0.01204346,0.00390236,0.01824340,0.00268106,0.00792405,0.00131908,0.00664460,0.01099756,0.02064496,0.00753449,0.01178746,0.00920564,0.00683534,0.00714421,0.01024085,0.01705964,0.01419571,0.01259650,0.01737514,0.00520287,0.00513161,0.00605525,0.01336994
Signature 6,0.00170000,0.00280000,0.00050000,0.00190000,0.00130000,0.00120000,0.00000000,0.00180000,0.03120000,0.01630000,0.09080000,0.01490000,0.00060000,0.00330000,0.00000000,0.00530000,0.00750000,0.00560000,0.02170000,0.00230000,0.00000000,0.00170000,0.00070000,0.00290000,0.01010000,0.02410000,0.00910000,0.05710000,0.00000000,0.00000000,0.00000000,0.00020000,0.00850000,0.00990000,0.09010000,0.00870000,0.00010000,0.00260000,0.00080000,0.00110000,0.00620000,0.00400000,0.02700000,0.00330000,0.00010000,0.00400000,0.00500000,0.00860000,0.00240000,0.00580000,0.00210000,0.00870000,0.00000000,0.00300000,0.00000000,0.00170000,0.06530000,0.07730000,0.13390000,0.05240000,0.00000000,0.00280000,0.00060000,0.00210000,0.01220000,0.00590000,0.01150000,0.00420000,0.00000000,0.00160000,0.00100000,0.00350000,0.00170000,0.00290000,0.00110000,0.00580000,0.00000000,0.00020000,0.00000000,0.00010000,0.00740000,0.00670000,0.03910000,0.00470000,0.00020000,0.00080000,0.00000000,0.00070000,0.00590000,0.00350000,0.01060000,0.00290000,0.00090000,0.00190000,0.00110000,0.00720000
Signature 7,0.00040000,0.00050000,0.00000000,0.00040000,0.00000000,0.00000000,0.00000000,0.00010000,0.00000000,0.01970000,0.00010000,0.00430000,0.00100000,0.00080000,0.00090000,0.00350000,0.00050000,0.00010000,0.00070000,0.00110000,0.00000000,0.00000000,0.00090000,0.00000000,0.00120000,0.00060000,0.00000000,0.00130000,0.00010000,0.00040000,0.00060000,0.00030000,0.07540000,0.10070000,0.02080000,0.07880000,0.00000000,0.00140000,0.00070000,0.00180000,0.00100000,0.00080000,0.00100000,0.00450000,0.00000000,0.00080000,0.00090000,0.00130000,0.00030000,0.00010000,0.00000000,0.00010000,0.00000000,0.00040000,0.00000000,0.00000000,0.00000000,0.02100000,0.00020000,0.01610000,0.00000000,0.00000000,0.00060000,0.00100000,0.00020000,0.00010000,0.00030000,0.00810000,0.00000000,0.00000000,0.00170000,0.00090000,0.00100000,0.00200000,0.00020000,0.00130000,0.00020000,0.00100000,0.00030000,0.00070000,0.12020000,0.28870000,0.09920000,0.08440000,0.00100000,0.00150000,0.00100000,0.00500000,0.00230000,0.00180000,0.00190000,0.00240000,0.00000000,0.00100000,0.00100000,0.00140000
Signature 8,0.03671800,0.03324572,0.00252531,0.03359855,0.00835684,0.00430638,0.00058442,0.00863491,0.01806669,0.00565002,0.01926511,0.02080597,0.01336508,0.01243120,0.01403666,0.02410992,0.01620651,0.00778780,0.00985258,0.02182946,0.00421972,0.00079367,0.00686580,0.00293992,0.03172376,0.02550541,0.00115962,0.02879117,0.00661908,0.00607770,0.00065603,0.00780503,0.00486581,0.00398015,0.00833864,0.01884363,0.01202422,0.01788109,0.01635677,0.02624780,0.00517384,0.01093689,0.00565777,0.01112039,0.00242405,0.00209621,0.00660405,0.00486671,0.02368233,0.01582190,0.00085091,0.02106124,0.00372457,0.00304660,0.00032121,0.00577566,0.00226126,0.00161665,0.01160671,0.00628493,0.00813918,0.00791008,0.00905726,0.01781224,0.00572078,0.00518105,0.00504071,0.00848822,0.00097458,0.00052482,0.00608775,0.00542743,0.02703238,0.01808977,0.00169488,0.03814133,0.00411788,0.00379965,0.00002565,0.00624755,0.00718067,0.00406103,0.00553512,0.01220907,0.01514000,0.01209355,0.00836255,0.02765330,0.00490107,0.00608101,0.00171248,0.01000344,0.00174322,0.00254984,0.00603040,0.00722400
Signature 9,0.01200000,0.00670000,0.00050000,0.00680000,0.00480000,0.00230000,0.00000000,0.00380000,0.00930000,0.00560000,0.01250000,0.00760000,0.01210000,0.00420000,0.00680000,0.01850000,0.02520000,0.01050000,0.01760000,0.02470000,0.03350000,0.00510000,0.00520000,0.01930000,0.00980000,0.00570000,0.00000000,0.00910000,0.00180000,0.00200000,0.00000000,0.00390000,0.00980000,0.00690000,0.00760000,0.00970000,0.00550000,0.00490000,0.00510000,0.00690000,0.01540000,0.01180000,0.01540000,0.02750000,0.02160000,0.00640000,0.01260000,0.05090000,0.01180000,0.00920000,0.00000000,0.00850000,0.00110000,0.00290000,0.00000000,0.00440000,0.00620000,0.00690000,0.00880000,0.01010000,0.00300000,0.00290000,0.00280000,0.00360000,0.00910000,0.00970000,0.00940000,0.01260000,0.00720000,0.00060000,0.00500000,0.01850000,0.02220000,0.00430000,0.00000000,0.03220000,0.00330000,0.00250000,0.00000000,0.00490000,0.00500000,0.00840000,0.00470000,0.00960000,0.02150000,0.00270000,0.01400000,0.01390000,0.01560000,0.01370000,0.00980000,0.03090000,0.05020000,0.00810000,0.00880000,0.05450000
Signature 10,0.00070000,0.00100000,0.00030000,0.00920000,0.00050000,0.00030000,0.00000000,0.00020000,0.00000000,0.00320000,0.01260000,0.00470000,0.00000000,0.00020000,0.00000000,0.00120000,0.00310000,0.00520000,0.00260000,0.00400000,0.00000000,0.00400000,0.00150000,0.01370000,0.00310000,0.00090000,0.00070000,0.01600000,0.00000000,0.00000000,0.00000000,0.00000000,0.00120000,0.00240000,0.01090000,0.00430000,0.00000000,0.00010000,0.00030000,0.00090000,0.00050000,0.00190000,0.00150000,0.00200000,0.00220000,0.00180000,0.00370000,0.01820000,0.00140000,0.00220000,0.00020000,0.00880000,0.00000000,0.00020000,0.00000000,0.00040000,0.00000000,0.01340000,0.02700000,0.01520000,0.00000000,0.00010000,0.00000000,0.00040000,0.00640000,0.01010000,0.00540000,0.01240000,0.00000000,0.00200000,0.00090000,0.00300000,0.03740000,0.01030000,0.00310000,0.30830000,0.00000000,0.00000000,0.00000000,0.00010000,0.00370000,0.02110000,0.21410000,0.03920000,0.00000000,0.00080000,0.00000000,0.00280000,0.00300000,0.00970000,0.00650000,0.00990000,0.00500000,0.00920000,0.00220000,0.06330000
Signature 11,0.00020000,0.00100000,0.00000000,0.00020000,0.00070000,0.00030000,0.00000000,0.00090000,0.02250000,0.10990000,0.00720000,0.06390000,0.00020000,0.00010000,0.00070000,0.00030000,0.00060000,0.00150000,0.00080000,0.00030000,0.00000000,0.00000000,0.00010000,0.00000000,0.00070000,0.00170000,0.00100000,0.00140000,0.00000000,0.00020000,0.00080000,0.00020000,0.03100000,0.15180000,0.01350000,0.08160000,0.00040000,0.00110000,0.00060000,0.00040000,0.00010000,0.00040000,0.00010000,0.00090000,0.00000000,0.00010000,0.00110000,0.00090000,0.00040000,0.00100000,0.00000000,0.00060000,0.00000000,0.00020000,0.00000000,0.00000000,0.02610000,0.09750000,0.00900000,0.05220000,0.00030000,0.00030000,0.00040000,0.00010000,0.00100000,0.00160000,0.00190000,0.00230000,0.00000000,0.00000000,0.00100000,0.00000000,0.00090000,0.00250000,0.00010000,0.00040000,0.00010000,0.00110000,0.00030000,0.00080000,0.03020000,0.15890000,0.00800000,0.09540000,0.00030000,0.00000000,0.00000000,0.00080000,0.00020000,0.00090000,0.00070000,0.00050000,0.00000000,0.00000000,0.00030000,0.00030000
Signature 12,0.00770000,0.00470000,0.00170000,0.00460000,0.00310000,0.00150000,0.00000000,0.00250000,0.01210000,0.00540000,0.00190000,0.00670000,0.00580000,0.00650000,0.00460000,0.00600000,0.04660000,0.03170000,0.04870000,0.02500000,0.00120000,0.00100000,0.00180000,0.00300000,0.01350000,0.01120000,0.00280000,0.00710000,0.00190000,0.00190000,0.00000000,0.00190000,0.01870000,0.00940000,0.00460000,0.02050000,0.00170000,0.00860000,0.00310000,0.00540000,0.03120000,0.03850000,0.04150000,0.03240000,0.00130000,0.00490000,0.00450000,0.00630000,0.00620000,0.00560000,0.00150000,0.00270000,0.00120000,0.00110000,0.00000000,0.00090000,0.01240000,0.00920000,0.00230000,0.01150000,0.00150000,0.00390000,0.00190000,0.00310000,0.05730000,0.02740000,0.04100000,0.04050000,0.00000000,0.00040000,0.00110000,0.00320000,0.00660000,0.00990000,0.00190000,0.00490000,0.00240000,0.00270000,0.00000000,0.00150000,0.01380000,0.00950000,0.00100000,0.00900000,0.00570000,0.01320000,0.00370000,0.00940000,0.05000000,0.03420000,0.03200000,0.03710000,0.00190000,0.00270000,0.00110000,0.00320000
Signature 13,0.00033476,0.00064874,0.00003814,0.00084666,0.00377517,0.00092082,0.00001989,0.00386063,0.00148018,0.00004051,0.00031659,0.00000000,0.00124362,0.00106000,0.00010255,0.00097181,0.00054945,0.00014551,0.00027918,0.00026746,0.00038620,0.00011238,0.00003600,0.00019249,0.00171009,0.00115926,0.00024417,0.00125677,0.00533365,0.00091230,0.00028547,0.00638310,0.00364728,0.00100423,0.00012920,0.00061177,0.00028516,0.00022229,0.00028695,0.00000080,0.00004275,0.00004331,0.00005427,0.00000076,0.00001509,0.00014762,0.00004599,0.00046371,0.00013211,0.00075424,0.00009682,0.00055110,0.00134942,0.00078881,0.00008179,0.00268012,0.00293414,0.00251517,0.00320526,0.00168773,0.00013796,0.00025287,0.00015352,0.00012275,0.00105408,0.00052990,0.00063010,0.00067619,0.00001849,0.00009337,0.00001058,0.00005374,0.04816605,0.01732956,0.00229316,0.01863458,0.28023495,0.06388529,0.00952849,0.33022548,0.11384209,0.01502484,0.00610210,0.02814066,0.00040326,0.00077181,0.00024519,0.00016035,0.00078406,0.00013297,0.00003740,0.00017970,0.00054658,0.00023535,0.00000048,0.00067059
Signature 14,0.00010000,0.00420000,0.00050000,0.02960000,0.00010000,0.00000000,0.00000000,0.00010000,0.02930000,0.03210000,0.04960000,0.02770000,0.00000000,0.00080000,0.00000000,0.00090000,0.00260000,0.00460000,0.00350000,0.00250000,0.00000000,0.00200000,0.00070000,0.00560000,0.00560000,0.01020000,0.00090000,0.12570000,0.00000000,0.00000000,0.00000000,0.00000000,0.00600000,0.01670000,0.02930000,0.01860000,0.00000000,0.00340000,0.00020000,0.00200000,0.00060000,0.00530000,0.00160000,0.00270000,0.00000000,0.00200000,0.00050000,0.00630000,0.00180000,0.01140000,0.00110000,0.07360000,0.00020000,0.00010000,0.00000000,0.00030000,0.05570000,0.06180000,0.09780000,0.05550000,0.00000000,0.00250000,0.00000000,0.00090000,0.00780000,0.01270000,0.00820000,0.00860000,0.00000000,0.00190000,0.00120000,0.00380000,0.00050000,0.01660000,0.00000000,0.05160000,0.00000000,0.00000000,0.00000000,0.00010000,0.00920000,0.02830000,0.00940000,0.02290000,0.00000000,0.00160000,0.00000000,0.00120000,0.00180000,0.00560000,0.00340000,0.00260000,0.00000000,0.00150000,0.00020000,0.00250000
Signature 15,0.00130000,0.00400000,0.00000000,0.00570000,0.00110000,0.00010000,0.00060000,0.00100000,0.01170000,0.01690000,0.03090000,0.00660000,0.00210000,0.00900000,0.00090000,0.00790000,0.01150000,0.00730000,0.00730000,0.00630000,0.00000000,0.00060000,0.00120000,0.00290000,0.01060000,0.00840000,0.00150000,0.02280000,0.00090000,0.00030000,0.00040000,0.00170000,0.00510000,0.00880000,0.01550000,0.00960000,0.00160000,0.00430000,0.00270000,0.00070000,0.00320000,0.00500000,0.01280000,0.00350000,0.00000000,0.00190000,0.00070000,0.00450000,0.00240000,0.00990000,0.00130000,0.03090000,0.00220000,0.00050000,0.00060000,0.00180000,0.04760000,0.13450000,0.18290000,0.08000000,0.00000000,0.00380000,0.00260000,0.00430000,0.01950000,0.04990000,0.01540000,0.00940000,0.00000000,0.00220000,0.00370000,0.01900000,0.00570000,0.00620000,0.00250000,0.01450000,0.00090000,0.00260000,0.00000000,0.00150000,0.01120000,0.01560000,0.01040000,0.00760000,0.00080000,0.00190000,0.00060000,0.00030000,0.00680000,0.00990000,0.00390000,0.00470000,0.00000000,0.00040000,0.00090000,0.00330000
Signature 16,0.01610000,0.00970000,0.00220000,0.00880000,0.00480000,0.00240000,0.00000000,0.00730000,0.01350000,0.00760000,0.00350000,0.01010000,0.00810000,0.00730000,0.00800000,0.00840000,0.07170000,0.01710000,0.03480000,0.04970000,0.00520000,0.00420000,0.00610000,0.00760000,0.01590000,0.01000000,0.00220000,0.00840000,0.00400000,0.00500000,0.00280000,0.00800000,0.02100000,0.00980000,0.00160000,0.02110000,0.00540000,0.01280000,0.01300000,0.00960000,0.01460000,0.01940000,0.01900000,0.02630000,0.00020000,0.00820000,0.00670000,0.01860000,0.00960000,0.00940000,0.00360000,0.00630000,0.00310000,0.00320000,0.00000000,0.00290000,0.01250000,0.00920000,0.00090000,0.01160000,0.00300000,0.00400000,0.00510000,0.00330000,0.01610000,0.00990000,0.01480000,0.01420000,0.00000000,0.00320000,0.00080000,0.00440000,0.01220000,0.01450000,0.00400000,0.01570000,0.00500000,0.00640000,0.00000000,0.01690000,0.01720000,0.01310000,0.00360000,0.01930000,0.00850000,0.00870000,0.00630000,0.00800000,0.02460000,0.01830000,0.01650000,0.01740000,0.00680000,0.00690000,0.00490000,0.01630000
Signature 17,0.00183202,0.00034224,0.00000158,0.00317966,0.00166170,0.00162690,0.00002580,0.00132851,0.00935049,0.00422429,0.00922921,0.00573596,0.00061300,0.00187859,0.00108735,0.00204549,0.00269731,0.00807815,0.00443287,0.00314037,0.00005314,0.00646866,0.00348155,0.03092638,0.00103243,0.00042188,0.00029746,0.00003148,0.00192498,0.00070937,0.00000352,0.00095378,0.02126521,0.00384724,0.01317611,0.00964803,0.00003008,0.01022375,0.00446704,0.03124488,0.00742700,0.03965700,0.02860970,0.10186966,0.00009147,0.01981429,0.01344984,0.26145661,0.00653540,0.00129380,0.00128366,0.00310377,0.00129632,0.00026076,0.00000438,0.00182039,0.00206875,0.00032548,0.00751110,0.00092570,0.00000855,0.00257347,0.00353882,0.00387901,0.00001140,0.00965771,0.00465413,0.00814923,0.00003919,0.00907846,0.00478278,0.06349776,0.00182456,0.00128652,0.00217294,0.00501232,0.00039268,0.00065560,0.00001364,0.00285238,0.01610078,0.01677998,0.01627210,0.01982742,0.00069881,0.00257936,0.00002113,0.00388313,0.00170859,0.01107415,0.00593200,0.00720822,0.00013341,0.00961335,0.00452246,0.05804041
Signature 18,0.05053642,0.01093982,0.00228807,0.01942409,0.00151689,0.00249878,0.00261451,0.00398301,0.00382562,0.00246521,0.00846396,0.00560574,0.00303721,0.00081117,0.00450321,0.00273652,0.00293305,0.00151328,0.00332967,0.00549132,0.00038614,0.00125498,0.00236922,0.00033860,0.08876811,0.02064139,0.01717840,0.03767696,0.00045846,0.00365423,0.00540577,0.00551960,0.00976751,0.00565483,0.01618322,0.00515332,0.00041235,0.00249141,0.00552305,0.00331371,0.00019217,0.00305019,0.00259646,0.00131003,0.00006100,0.00201570,0.00531197,0.00234163,0.12872416,0.01609288,0.00927142,0.07201707,0.00092388,0.00064865,0.00054284,0.00137672,0.00270307,0.00419931,0.01189736,0.00191338,0.00187543,0.00151031,0.00150537,0.00361103,0.00052913,0.00227913,0.00587106,0.00477157,0.00134153,0.00000092,0.00969500,0.00289055,0.06708064,0.04186901,0.01516238,0.11787785,0.00180297,0.00786301,0.00151322,0.00356710,0.01492339,0.00996274,0.01154972,0.00539801,0.00466328,0.00257816,0.00201674,0.00281868,0.00030230,0.00626079,0.00154127,0.00135780,0.00003632,0.00323384,0.00075460,0.00212644
Signature 19,0.01070000,0.00740000,0.00050000,0.00740000,0.00580000,0.00190000,0.00000000,0.00720000,0.02210000,0.02030000,0.03680000,0.02660000,0.00110000,0.00530000,0.00450000,0.00330000,0.01450000,0.00480000,0.01350000,0.01600000,0.00140000,0.00000000,0.00100000,0.00170000,0.01120000,0.01590000,0.00180000,0.00960000,0.00020000,0.00280000,0.00020000,0.00080000,0.04380000,0.07530000,0.02380000,0.11590000,0.00430000,0.00530000,0.00210000,0.00220000,0.00660000,0.00700000,0.00400000,0.00530000,0.00000000,0.00110000,0.00130000,0.00190000,0.00320000,0.00310000,0.00000000,0.00720000,0.00200000,0.00000000,0.00000000,0.00000000,0.03740000,0.06140000,0.02780000,0.09170000,0.00260000,0.00000000,0.00160000,0.00520000,0.00390000,0.00300000,0.00600000,0.00990000,0.00000000,0.00000000,0.00430000,0.00250000,0.00510000,0.00630000,0.00180000,0.00870000,0.00050000,0.00110000,0.00000000,0.01050000,0.02180000,0.03300000,0.00900000,0.02670000,0.00390000,0.00480000,0.00520000,0.00850000,0.00520000,0.00200000,0.00570000,0.00380000,0.00320000,0.00180000,0.00110000,0.00130000
Signature 20,0.00117996,0.00221151,0.00000016,0.00300801,0.00069704,0.00205931,0.00001273,0.00084859,0.03285805,0.02219605,0.03457201,0.01881956,0.00057440,0.00197146,0.00019059,0.00742110,0.01639506,0.01925179,0.05478492,0.00734127,0.00000177,0.00038139,0.00065876,0.00053213,0.01737711,0.03650246,0.01248259,0.10340123,0.00001332,0.00054814,0.00000000,0.00012073,0.01114519,0.01815275,0.04438494,0.01384714,0.00004504,0.00438906,0.00112784,0.00238554,0.01486770,0.01835616,0.07415056,0.01100112,0.00002326,0.00847649,0.01538378,0.00218539,0.00111612,0.00327143,0.00375161,0.01293719,0.00133977,0.00181115,0.00000064,0.00123826,0.05679395,0.05442986,0.00459269,0.04958086,0.00016313,0.00379918,0.00082833,0.00190075,0.00246932,0.00156563,0.02734176,0.00149826,0.00000358,0.00283058,0.00273322,0.00355856,0.00068830,0.00405823,0.00100110,0.01222910,0.00002430,0.00015200,0.00000000,0.00068306,0.01071032,0.00817551,0.02316390,0.00954009,0.00092455,0.00070821,0.00009700,0.00231349,0.00573423,0.01123425,0.02376761,0.00539519,0.00000027,0.00037723,0.00051542,0.00061566
Signature 21,0.00010000,0.00070000,0.00000000,0.00060000,0.00050000,0.00080000,0.00000000,0.00180000,0.00510000,0.00620000,0.02560000,0.00300000,0.00830000,0.02920000,0.00270000,0.00430000,0.02650000,0.01650000,0.02240000,0.01890000,0.00000000,0.00310000,0.00160000,0.00180000,0.00200000,0.00140000,0.00270000,0.00560000,0.00010000,0.00000000,0.00000000,0.00030000,0.00340000,0.00910000,0.03180000,0.00400000,0.00000000,0.00370000,0.00250000,0.00100000,0.02190000,0.01000000,0.02110000,0.02040000,0.00000000,0.00050000,0.00040000,0.00320000,0.00010000,0.00380000,0.00030000,0.00230000,0.00040000,0.00420000,0.00000000,0.00040000,0.01630000,0.03920000,0.00190000,0.01660000,0.00000000,0.01420000,0.00310000,0.00410000,0.14260000,0.06650000,0.08840000,0.10030000,0.00000000,0.00060000,0.00040000,0.00080000,0.00010000,0.00050000,0.00000000,0.00040000,0.00020000,0.00030000,0.00000000,0.00030000,0.00640000,0.00860000,0.01260000,0.00640000,0.00270000,0.00450000,0.00000000,0.00080000,0.03890000,0.03130000,0.02490000,0.02740000,0.00000000,0.00180000,0.00030000,0.00030000
Signature 22,0.00150407,0.00245101,0.00000000,0.00092245,0.00052764,0.00000000,0.00000000,0.00029945,0.00311339,0.00152486,0.00362564,0.00000000,0.04961923,0.01166674,0.06791545,0.01459992,0.01683993,0.00110826,0.00491362,0.00263052,0.00165200,0.00000000,0.00108687,0.00000000,0.00454969,0.00376447,0.00090016,0.00443985,0.00058202,0.00082530,0.00038211,0.00176065,0.00773135,0.00711085,0.00550203,0.00416978,0.08689855,0.05370685,0.21322087,0.06182751,0.00402735,0.00135244,0.00274967,0.00236335,0.00112036,0.00106458,0.00418857,0.00162941,0.00129837,0.00180962,0.00033384,0.00051915,0.00000000,0.00000000,0.00021470,0.00053844,0.00191537,0.00322913,0.00330060,0.00111406,0.05370915,0.00948940,0.05029390,0.01060146,0.00421745,0.00000000,0.00147488,0.00156104,0.00000000,0.00000000,0.00187759,0.00000000,0.00405163,0.00273977,0.00051315,0.00360565,0.00022549,0.00062870,0.00039581,0.00025738,0.00201672,0.00199083,0.00149847,0.00118223,0.04081050,0.02557040,0.06984522,0.02357906,0.00480367,0.00091216,0.00178174,0.00000000,0.00165170,0.00000000,0.00257275,0.00000000
Signature 23,0.00045336,0.00036680,0.00000000,0.00000000,0.00000000,0.00000000,0.00000000,0.00000000,0.01976715,0.08188058,0.00924872,0.03320965,0.00000000,0.00000000,0.00023742,0.00000000,0.00106845,0.00022157,0.00049880,0.00031324,0.00000000,0.00000000,0.00000000,0.00000000,0.00016474,0.00073687,0.00016395,0.00072273,0.00019905,0.00028378,0.00000000,0.00019578,0.06057263,0.18637563,0.01514908,0.15601540,0.00059453,0.00000000,0.00017312,0.00045781,0.00000000,0.00000000,0.00032070,0.00000000,0.00000000,0.00019014,0.00000000,0.00021083,0.00034991,0.00056834,0.00014942,0.00000000,0.00000000,0.00013750,0.00000000,0.00000000,0.05328206,0.16291834,0.01304649,0.10759040,0.00000000,0.00018320,0.00000000,0.00000000,0.00025117,0.00053822,0.00000000,0.00099577,0.00000000,0.00000000,0.00018713,0.00000000,0.00207129,0.00069641,0.00009939,0.00020743,0.00023061,0.00016579,0.00000000,0.00043896,0.01455861,0.04351045,0.00275264,0.02432879,0.00000000,0.00000000,0.00023153,0.00000000,0.00000000,0.00023061,0.00023951,0.00000000,0.00000000,0.00000000,0.00024750,0.00000000
Signature 24,0.02864599,0.02021464,0.02047900,0.02460015,0.01199304,0.00842512,0.00000000,0.00388138,0.00631552,0.00384433,0.00311066,0.00342042,0.00116675,0.00001517,0.00633246,0.00000497,0.00472601,0.00062795,0.00272376,0.00712237,0.00000000,0.00146395,0.00084761,0.00107546,0.06355928,0.03375700,0.02242899,0.02008652,0.01347682,0.01610569,0.00079747,0.01038867,0.00603545,0.00000000,0.00292442,0.00397120,0.00276663,0.00269446,0.00691116,0.00291520,0.00184888,0.00445369,0.00000000,0.00159739,0.00000000,0.00218544,0.00011391,0.00253372,0.05467645,0.10994599,0.04652487,0.05042871,0.00494506,0.00936988,0.00562573,0.00305577,0.02367905,0.01591920,0.01264808,0.01812978,0.00222513,0.00485315,0.00019576,0.00000000,0.00126975,0.00671034,0.00027768,0.00423848,0.00000000,0.00107363,0.00292470,0.00082510,0.03145126,0.06253829,0.01280259,0.03029768,0.01022086,0.00757837,0.00159271,0.00610073,0.02657189,0.01205569,0.00536336,0.00553250,0.00000000,0.00799413,0.01120214,0.00027058,0.00168229,0.00234453,0.00048127,0.00035815,0.00000000,0.00000000,0.00136050,0.00006952
Signature 25,0.00989677,0.00699893,0.00144844,0.00496657,0.00803257,0.00163597,0.00000000,0.00342845,0.02098762,0.01314128,0.01965989,0.00572852,0.02043053,0.00889256,0.00624195,0.01485088,0.02066328,0.00950248,0.01991149,0.01448839,0.00528168,0.00000000,0.00713642,0.00000000,0.01483295,0.00782218,0.00127698,0.01256365,0.00720079,0.00459847,0.00082371,0.00019636,0.01433399,0.00593664,0.01155939,0.01363260,0.02629632,0.01579988,0.06286061,0.03662235,0.00902801,0.01077163,0.01335066,0.00896103,0.00000000,0.00288645,0.01176949,0.00855081,0.01346530,0.00646830,0.00065810,0.01047308,0.00416966,0.00239280,0.00041819,0.00199401,0.01003811,0.00695388,0.01046836,0.00982382,0.03621780,0.00584711,0.03824118,0.02016795,0.01748982,0.00404561,0.01340225,0.01415969,0.00554623,0.00000000,0.00868524,0.00276857,0.00693815,0.01024661,0.00000000,0.02462579,0.00979872,0.00326651,0.00205744,0.01640092,0.01107752,0.00644879,0.01408342,0.01241859,0.02183033,0.00340569,0.01019152,0.01452754,0.01451505,0.00740608,0.00489253,0.01701478,0.00208148,0.00057898,0.00942920,0.00786967
Signature 26,0.00203977,0.00148716,0.00028395,0.00059787,0.00127288,0.00152819,0.00030725,0.00249825,0.00590723,0.01062646,0.01993032,0.01133453,0.00445934,0.01282224,0.00117234,0.00399314,0.05502865,0.02759460,0.05179104,0.03907224,0.00008065,0.00016317,0.00125508,0.00185038,0.00370585,0.00398072,0.00081174,0.01903843,0.00127911,0.00121498,0.00020783,0.00229703,0.00659444,0.00651063,0.01190494,0.00623856,0.00356142,0.00390161,0.00239030,0.00163592,0.03788938,0.02174073,0.04724010,0.02074062,0.00009540,0.00391946,0.00549736,0.00678872,0.00137531,0.00196164,0.00001323,0.00193500,0.00132061,0.00184550,0.00020506,0.00122553,0.00960652,0.01950743,0.02250272,0.01730747,0.00224289,0.00520729,0.00135812,0.00251311,0.09805282,0.04022636,0.04462070,0.05552807,0.00003739,0.00246070,0.00081720,0.00783356,0.00268006,0.00203164,0.00026507,0.00301719,0.00420190,0.00280776,0.00000001,0.00801938,0.01130329,0.01080753,0.01036433,0.00724915,0.00062815,0.00507375,0.00002014,0.00123554,0.02878968,0.03663949,0.01914369,0.02307169,0.00000853,0.00271851,0.00136916,0.00256808
Signature 27,0.00520563,0.00473823,0.00078270,0.00271824,0.00132416,0.00177108,0.00000000,0.00132272,0.01372329,0.00542431,0.00670643,0.00447561,0.14307639,0.00146409,0.00122628,0.00253520,0.00504730,0.00184569,0.00568881,0.00259275,0.00113634,0.00095898,0.00006766,0.00025603,0.00506507,0.00223415,0.00026631,0.00310057,0.00473065,0.00126164,0.00036086,0.00026803,0.01743848,0.00714487,0.00750356,0.00714803,0.33060102,0.00281360,0.00439686,0.00543089,0.00489908,0.00572445,0.00566148,0.00390059,0.00000000,0.00038124,0.00040326,0.00143910,0.01075587,0.01244234,0.00162963,0.00741236,0.00141817,0.00134672,0.00000000,0.00456069,0.01421531,0.02014365,0.00936847,0.00758963,0.10985187,0.00002346,0.00156594,0.00000000,0.00477738,0.00196495,0.00122917,0.00374723,0.00000000,0.00005079,0.00474292,0.00229848,0.00707928,0.00626880,0.00144640,0.00980628,0.00287043,0.00310797,0.00001281,0.00213059,0.01875778,0.00798918,0.00460913,0.01188093,0.05281389,0.00004709,0.00000000,0.00192977,0.00172102,0.00348921,0.00115285,0.00152796,0.00118902,0.00028030,0.00235306,0.00013956
Signature 28,0.00139744,0.00091719,0.00000000,0.00051341,0.00025519,0.00026890,0.00000000,0.00030770,0.00543379,0.00181542,0.00543204,0.00162921,0.00096403,0.00336567,0.00178575,0.00565309,0.00409275,0.00788073,0.00552083,0.00323248,0.00636468,0.01661091,0.00659284,0.08639290,0.00116852,0.00033429,0.00005365,0.00018667,0.00010337,0.00014431,0.00000000,0.00029100,0.00439153,0.00264766,0.00228456,0.00242398,0.00256658,0.01961090,0.00883360,0.01094261,0.02073800,0.04328380,0.03708826,0.00505272,0.00958984,0.03391322,0.01851648,0.11896710,0.00213663,0.00042921,0.00000000,0.00131851,0.00008159,0.00010522,0.00000000,0.00015968,0.00338424,0.00168741,0.00218931,0.00104399,0.00055146,0.00316399,0.00215285,0.00200773,0.00365505,0.00707118,0.00823224,0.00040788,0.00000000,0.00000000,0.00421781,0.03164900,0.00077590,0.00082929,0.00000000,0.00199807,0.00052137,0.00066733,0.00000000,0.00124578,0.00762226,0.00511662,0.00191803,0.00619316,0.00020324,0.01018096,0.00325043,0.01649281,0.00992955,0.02901056,0.01568322,0.01729156,0.00938966,0.03011708,0.01269875,0.23365978
Signature 29,0.06998199,0.05515236,0.01784698,0.02680472,0.00930197,0.00347905,0.00015443,0.00397679,0.00519722,0.00897647,0.03163900,0.00476967,0.00000000,0.00304960,0.00390998,0.00510553,0.01011918,0.00634968,0.01465961,0.00789241,0.00000000,0.00000000,0.00292517,0.00000000,0.05141021,0.02582565,0.01449618,0.04035507,0.00261886,0.00111151,0.00152005,0.00013975,0.00912647,0.00706760,0.01987518,0.00163406,0.00176545,0.00038336,0.00355685,0.00223276,0.00000000,0.00277495,0.00690241,0.00304142,0.00111685,0.00000000,0.00216969,0.00114366,0.07804661,0.07346091,0.01738330,0.05960247,0.00026576,0.00094501,0.00000000,0.00479674,0.01163879,0.00378175,0.01968439,0.00576134,0.00293010,0.00000000,0.00053363,0.00000000,0.00709080,0.00711133,0.00564306,0.01123767,0.00000000,0.00000000,0.00364059,0.00618102,0.02689441,0.03160814,0.01250047,0.04120718,0.00082044,0.00044412,0.00014330,0.00136987,0.01207658,0.00000000,0.01583020,0.01346214,0.00119121,0.00168266,0.00243876,0.00000000,0.01149867,0.00358422,0.00169430,0.00379971,0.00000000,0.00000000,0.00035370,0.00610483
Signature 30,0.00000000,0.00000000,0.00196730,0.00000000,0.00000000,0.00000000,0.00482000,0.00000000,0.06511900,0.05439700,0.02046040,0.02193590,0.00757430,0.00373800,0.00659060,0.00934470,0.00000000,0.00875470,0.00904980,0.00000000,0.00531180,0.00245920,0.00629550,0.00954160,0.00000000,0.00000000,0.00226240,0.00000000,0.00000000,0.00000000,0.00324610,0.00000000,0.06944720,0.06384030,0.01731260,0.03423180,0.00531180,0.00678730,0.00826280,0.00000000,0.00000000,0.00000000,0.00000000,0.00000000,0.00462330,0.00600040,0.00737750,0.00914810,0.00885300,0.00934490,0.00088530,0.00816450,0.00737750,0.00659060,0.00157390,0.00000000,0.04859340,0.04947870,0.01573870,0.01888650,0.00373800,0.00334450,0.00501670,0.00639390,0.00000000,0.00659060,0.00786940,0.00845960,0.00324610,0.00186900,0.00334450,0.00560690,0.00000000,0.00000000,0.00167220,0.00000000,0.00000000,0.00000000,0.00196730,0.00000000,0.08498920,0.09030100,0.01514850,0.04554400,0.00767260,0.00649220,0.00363960,0.00000000,0.00000000,0.00914810,0.00600040,0.00000000,0.00865630,0.00432820,0.00826280,0.00000000
Cisplatin: Gallus gallus,0.00579304,0.10332767,0.00045953,0.02332175,0.00278675,0.00230331,0.00031565,0.00391125,0.00176003,0.00581716,0.00065726,0.00179067,0.00678870,0.04230963,0.00422746,0.00364267,0.00218226,0.00466635,0.00107354,0.00207144,0.00182007,0.00108396,0.00562921,0.00094521,0.02195449,0.06452297,0.00098622,0.02173404,0.00471364,0.00329761,0.00098180,0.00293840,0.00523323,0.00653109,0.00119941,0.00660467,0.02217948,0.01573527,0.01679452,0.01452819,0.00305214,0.00526753,0.00624522,0.00693944,0.00519042,0.00193383,0.01104320,0.00253082,0.00857017,0.14397906,0.00188805,0.02277568,0.00432343,0.01025862,0.00062353,0.00156166,0.00477744,0.00763218,0.00155841,0.00739406,0.00150891,0.01599822,0.00120602,0.00310963,0.00162882,0.00223352,0.00080250,0.00225424,0.00039829,0.00182419,0.00533777,0.00192187,0.00667556,0.12798376,0.00106901,0.04014456,0.00318575,0.00432572,0.00179004,0.00595415,0.00289811,0.01004613,0.00127904,0.01267458,0.00596868,0.01304037,0.00482190,0.00478210,0.00167266,0.00329320,0.00195453,0.00228172,0.00132550,0.00068342,0.00548159,0.00227942
Cyclophosphamide: Gallus gallus,0.00545626,0.00687988,0.00106294,0.00865795,0.00304509,0.00226494,0.00107135,0.00368224,0.01067291,0.02636504,0.00229874,0.01958589,0.01290246,0.00848213,0.01769230,0.03159673,0.00343591,0.00900971,0.00988895,0.00972063,0.00308102,0.00373260,0.00410612,0.00425751,0.00400146,0.00340748,0.00232640,0.00702287,0.00266647,0.00158624,0.00133001,0.00154072,0.01495765,0.03813438,0.00734718,0.01935961,0.01714650,0.02656886,0.03628562,0.09440591,0.00457769,0.00456169,0.00399057,0.01452551,0.01481662,0.00385416,0.00567032,0.02083558,0.00201730,0.00213601,0.00212170,0.00334559,0.00237827,0.00173127,0.00122652,0.00641329,0.00585106,0.02586061,0.00371488,0.01480242,0.01743563,0.00481912,0.01175753,0.02673592,0.00477615,0.00541710,0.00356233,0.01779625,0.00350368,0.00240066,0.00240314,0.00262876,0.00467030,0.00370707,0.00144833,0.00775135,0.00201884,0.00764845,0.00139982,0.00309005,0.00465190,0.01575586,0.00308335,0.02787624,0.03124469,0.00967391,0.01932259,0.06622691,0.00465694,0.00293876,0.00550747,0.01485824,0.00589368,0.00715916,0.00248350,0.01222857
Etoposide: Gallus gallus,0.01494002,0.01107934,0.00451399,0.00731071,0.01955415,0.00418903,0.00491567,0.01014165,0.00705448,0.01802792,0.01844711,0.00882593,0.01036087,0.00769781,0.00390764,0.00631975,0.01169925,0.02070634,0.01963041,0.04427280,0.00458568,0.00400828,0.00630784,0.01148940,0.01416881,0.00441068,0.00633063,0.00926318,0.00756922,0.00443100,0.00639303,0.00672096,0.01612340,0.00580215,0.02313929,0.00824438,0.00429760,0.01560569,0.00771424,0.01650178,0.01288709,0.00979869,0.00654347,0.03290061,0.01109022,0.00712163,0.00700379,0.00570863,0.01422149,0.00739575,0.00339967,0.00931474,0.00664909,0.00459588,0.00581867,0.00688537,0.01339817,0.01884005,0.02590204,0.01975275,0.00821153,0.01034552,0.00834014,0.01502662,0.01263834,0.00952251,0.01287391,0.00807480,0.00655541,0.00662332,0.00663840,0.00732734,0.01305192,0.01614209,0.00663664,0.01537688,0.00564106,0.00405931,0.00385302,0.00869519,0.00494647,0.00932957,0.00829134,0.00853529,0.00803071,0.00925083,0.00613801,0.01104561,0.00430814,0.00823561,0.00385577,0.02159158,0.01997535,0.00367837,0.01004471,0.01117881
Cisplatin: C. Elegans wildtype,0.00736710,0.00882630,0.00192107,0.01076762,0.00717289,0.00885173,0.00198005,0.01165977,0.00732578,0.01466944,0.00201777,0.00716974,0.00978729,0.00541631,0.00718163,0.00682882,0.01576352,0.00525416,0.00709648,0.00447736,0.00627658,0.00543634,0.00705312,0.00462336,0.01463427,0.13671455,0.00264921,0.03881794,0.00935384,0.01488480,0.00275405,0.01367578,0.00955131,0.01475317,0.00270033,0.01343393,0.00806213,0.00880237,0.01094811,0.02395230,0.00785145,0.01544441,0.01148612,0.01188732,0.00799279,0.00882116,0.01103307,0.00732451,0.00826400,0.02593455,0.00283835,0.02933568,0.00820699,0.01820131,0.00294102,0.00889265,0.00818790,0.01733325,0.00279706,0.00890006,0.01121049,0.00677939,0.00878272,0.00520758,0.00643431,0.01036391,0.00870372,0.00509691,0.00665893,0.01163759,0.00873382,0.00500646,0.01428772,0.02259642,0.00320506,0.00775278,0.00583711,0.00782306,0.00215644,0.00792283,0.00801821,0.01665914,0.00128782,0.00778857,0.00778891,0.00731225,0.00513793,0.00827089,0.00916372,0.00474999,0.00500281,0.00723889,0.00643997,0.00465346,0.00517386,0.00483037
Cisplatin: C. Elegans,0.00539260,0.00990373,0.00091391,0.00749064,0.00408567,0.00318291,0.00067252,0.00489598,0.00262856,0.00512800,0.00095048,0.00354942,0.01110447,0.00407707,0.00645774,0.00498217,0.00824161,0.00203905,0.00206590,0.00355904,0.00160706,0.00183482,0.01095297,0.00174800,0.03741009,0.17593267,0.00543749,0.21424901,0.00217243,0.00584171,0.00064000,0.00732841,0.00581802,0.01129113,0.00113001,0.02222403,0.00544853,0.02544484,0.00813618,0.01089501,0.00757782,0.02207008,0.00705666,0.02058446,0.00304343,0.00339548,0.00421527,0.00343060,0.00336704,0.02684609,0.00211233,0.02713961,0.00587379,0.00561332,0.00177132,0.00829798,0.00391874,0.01134260,0.00100127,0.01517978,0.00474862,0.00749544,0.00199822,0.00279808,0.00206811,0.00620386,0.00204567,0.00469472,0.00227684,0.00267849,0.01071638,0.00175289,0.00475321,0.01934001,0.00104275,0.00853172,0.00177789,0.00582203,0.00146800,0.00468376,0.01077855,0.00405095,0.00061015,0.01045852,0.00534643,0.00790541,0.00370598,0.00274802,0.00319980,0.00320721,0.00449539,0.00698602,0.00204877,0.00188123,0.00272324,0.00225603
Cisplatin: C. Elegans fan-1,0.01273785,0.00966158,0.00220443,0.00750615,0.00795946,0.00953353,0.00219356,0.00766705,0.00809728,0.00955472,0.00220241,0.00764042,0.00719124,0.00588567,0.00801501,0.00767117,0.00724288,0.00584600,0.00782410,0.00505921,0.00729551,0.00599471,0.00766609,0.00530259,0.01018525,0.07098657,0.00300459,0.05217028,0.01024696,0.02647476,0.00300602,0.01512311,0.01042039,0.01657176,0.00311447,0.02310683,0.01398732,0.01012477,0.01192052,0.01278304,0.01250083,0.01001147,0.01198655,0.02901300,0.00887436,0.00989411,0.01199914,0.00801925,0.01441315,0.02341746,0.00497846,0.04282857,0.00908847,0.01315913,0.00326648,0.01015762,0.01427789,0.01339695,0.00322292,0.01005634,0.00742368,0.00754932,0.00954089,0.00885249,0.00737164,0.00765975,0.00989678,0.00556645,0.00743421,0.00749077,0.00940869,0.00574600,0.01000660,0.00831596,0.00143062,0.00843336,0.00657852,0.00849724,0.00145606,0.00857978,0.00991512,0.00866883,0.00144046,0.01884143,0.01625821,0.00531348,0.00574427,0.00534231,0.00710709,0.00810317,0.00555150,0.00855612,0.00702975,0.00519018,0.00560646,0.00835139
Cisplatin: C. Elegans fcd-2,0.00690960,0.01425823,0.00190939,0.00675894,0.01205467,0.00845213,0.00195164,0.00696559,0.00707378,0.01822606,0.00198457,0.00659354,0.01565474,0.00860394,0.00705611,0.00621460,0.01060829,0.00518648,0.00685081,0.00469173,0.00641434,0.00519563,0.00701947,0.00446160,0.02237743,0.02446445,0.00645669,0.12010823,0.00929520,0.01476424,0.00266627,0.01308964,0.01388818,0.02245246,0.00279079,0.02010213,0.00800823,0.01465823,0.02607879,0.00724906,0.00801982,0.01525202,0.01038985,0.01730426,0.00804925,0.00894664,0.01047714,0.00701762,0.00793449,0.04785932,0.00467833,0.00892155,0.00814326,0.01143773,0.00287909,0.01458846,0.01147796,0.01152943,0.00282195,0.00865155,0.00650287,0.01133418,0.00826558,0.00502846,0.00650304,0.01108078,0.00856256,0.00505974,0.00637979,0.00676771,0.00856111,0.00504324,0.01192492,0.01933425,0.00129149,0.01244354,0.00862219,0.00776371,0.00309030,0.01275955,0.00568909,0.00745312,0.00133015,0.00761940,0.00620130,0.00789365,0.00500016,0.00807194,0.00628752,0.00474282,0.01226517,0.00469648,0.00614374,0.00470475,0.00496693,0.00468916
Cisplatin: C. Elegans lig-4,0.01360679,0.01441343,0.00191187,0.01171177,0.00713101,0.00832570,0.00191343,0.00694651,0.01481959,0.01428367,0.00286225,0.01320406,0.01064222,0.00530124,0.01150835,0.00936340,0.00651202,0.00529646,0.00700817,0.00743974,0.00636669,0.00518887,0.00700862,0.00444939,0.01567027,0.10650990,0.00266553,0.06688354,0.00901030,0.01465592,0.00279479,0.01275435,0.01395392,0.02053212,0.00264168,0.02295173,0.00779997,0.01863860,0.01041395,0.01211989,0.00793626,0.01491762,0.01072115,0.01183712,0.00787039,0.00873576,0.01047644,0.00716565,0.00790408,0.01192339,0.00286409,0.01333274,0.00820355,0.01206559,0.00275898,0.01465208,0.00772878,0.01725268,0.00280777,0.01494446,0.01089355,0.01099016,0.00852651,0.00504563,0.00659598,0.00688388,0.00890968,0.01219438,0.00660771,0.00679019,0.01432490,0.00497792,0.00567588,0.01198877,0.00179915,0.01324382,0.00559757,0.01289027,0.00125145,0.00767463,0.01194506,0.00773774,0.00128817,0.00764386,0.00808329,0.00481467,0.00518521,0.00474033,0.00634936,0.00469484,0.00822315,0.00473117,0.01046336,0.00461618,0.00532057,0.00799068
Cisplatin: C. Elegans lig-4; fcd-2,0.01056849,0.00789895,0.00176450,0.01016382,0.00657734,0.00776424,0.00183271,0.00635193,0.00656561,0.00794582,0.00176159,0.00620376,0.00592827,0.00701065,0.01033789,0.01208053,0.00572961,0.00476567,0.00641519,0.00655944,0.00587234,0.00758205,0.01033767,0.00399680,0.02539663,0.11117793,0.00246329,0.07803450,0.00859502,0.01339578,0.00249881,0.01223063,0.01366965,0.01353768,0.00241086,0.03553275,0.00732536,0.02383703,0.02238204,0.00646445,0.00723181,0.01889829,0.01568402,0.01060375,0.01150868,0.00838999,0.00971683,0.00670906,0.00740973,0.01066754,0.00257221,0.00832235,0.01191800,0.01077728,0.00586015,0.01309959,0.00742256,0.01727445,0.00265000,0.00808163,0.00596600,0.00617989,0.00781295,0.00459352,0.00944952,0.00993828,0.00756196,0.00457243,0.00860570,0.00595646,0.00788134,0.00469037,0.01181489,0.01610476,0.00189208,0.00687330,0.00506855,0.00702149,0.00117697,0.00702260,0.00795460,0.00739396,0.00259062,0.00684300,0.03056384,0.00981909,0.01026763,0.00440068,0.00908762,0.00421902,0.00458969,0.00445220,0.00588013,0.00428013,0.00739355,0.00431599
Cisplatin: C. Elegans mus-81,0.00853641,0.01011331,0.00235779,0.00809187,0.00837363,0.01006332,0.00235582,0.00794387,0.01359787,0.01028488,0.00233433,0.01285960,0.00769899,0.00630703,0.00815495,0.00510446,0.00763623,0.00622117,0.00835429,0.00868480,0.00733160,0.00630943,0.00846567,0.00514235,0.01138563,0.04095804,0.00314895,0.09017829,0.01068354,0.01739389,0.00326643,0.02578700,0.01600206,0.01760328,0.00314739,0.01562108,0.00947780,0.01062310,0.01299060,0.00848166,0.00940565,0.01057826,0.02932467,0.01213550,0.00913646,0.01061690,0.01275690,0.00825907,0.00952964,0.01418509,0.00339180,0.01047247,0.00961433,0.01417950,0.00323893,0.01667272,0.00952836,0.01351877,0.00336598,0.01696389,0.00778407,0.00818545,0.01020754,0.00573268,0.00763414,0.00816739,0.01001105,0.00570595,0.00758049,0.00807092,0.01650246,0.00596602,0.00677622,0.00899540,0.00149699,0.00891637,0.00687110,0.01473723,0.00153712,0.00906090,0.01677013,0.00920781,0.00151648,0.00902150,0.02294916,0.00573179,0.00601580,0.00565262,0.00766954,0.01051202,0.00585868,0.00891593,0.00737445,0.00550421,0.00593756,0.00547552
Cisplatin: C. Elegans polq-1,0.01750698,0.01459389,0.00481833,0.00748059,0.00784314,0.01471534,0.00217643,0.01210623,0.00783528,0.00955919,0.00216854,0.00751552,0.01540927,0.00579482,0.01201945,0.00777547,0.02010144,0.00576654,0.00794294,0.00489786,0.00697141,0.00571884,0.01184652,0.00782345,0.01028683,0.05759965,0.00293646,0.06211353,0.00995845,0.01610854,0.00297679,0.01477121,0.01005936,0.01632896,0.00646085,0.02016693,0.01359367,0.00965992,0.01207268,0.00782195,0.00872478,0.01529885,0.01195770,0.00765739,0.00855495,0.00973284,0.01173031,0.00784460,0.01375033,0.02842267,0.00317733,0.00978851,0.01446124,0.01332662,0.00321052,0.00945113,0.00899491,0.01975386,0.00489569,0.00959089,0.01089789,0.00734252,0.00933456,0.00541814,0.00684578,0.00737887,0.00919229,0.01189845,0.00731644,0.00746973,0.01766296,0.00878674,0.00628045,0.00847095,0.00223385,0.01285281,0.00634352,0.00863692,0.00219333,0.00849050,0.00989428,0.01336777,0.00144555,0.00847382,0.01088186,0.00804547,0.00542790,0.00517394,0.01086140,0.00788779,0.00567853,0.00526062,0.00690222,0.00838143,0.00563345,0.00800887
Cisplatin: C. Elegans slx-1,0.01209279,0.01486786,0.00200701,0.00709040,0.00749752,0.00936485,0.00206298,0.00710127,0.00759760,0.00909704,0.00207082,0.00722243,0.01086921,0.00554040,0.01158940,0.00469016,0.00685379,0.00553025,0.00738014,0.01052951,0.00673616,0.00556646,0.00731420,0.00465167,0.01586736,0.08313404,0.00287557,0.08804709,0.00976179,0.01533001,0.00287982,0.01395675,0.00925572,0.02443964,0.00280528,0.02224689,0.00848087,0.02110241,0.01140213,0.00735354,0.00855070,0.01482513,0.01151675,0.01214655,0.00810139,0.00953184,0.01157770,0.00729524,0.00833585,0.01978932,0.00288439,0.02783779,0.01364279,0.01213078,0.00300646,0.00960992,0.00847412,0.01251407,0.00288226,0.02066864,0.00678382,0.00697741,0.00910281,0.00536593,0.00691084,0.00670582,0.00888747,0.00836245,0.00693488,0.00682997,0.00873012,0.00528462,0.00587653,0.01301620,0.00134985,0.00785830,0.00597567,0.00797524,0.00135608,0.01276429,0.00603091,0.00801767,0.00135558,0.00789406,0.00678192,0.00807087,0.00867009,0.00498384,0.01070830,0.00499140,0.00521170,0.02260459,0.00642288,0.00514614,0.00533229,0.00514495
Cisplatin: C. Elegans xpf-1,0.00399131,0.00907194,0.00109821,0.01423503,0.00623347,0.00468531,0.00169425,0.00597772,0.00396634,0.00477172,0.00248996,0.00533678,0.00784459,0.00657914,0.00379051,0.00403314,0.00568061,0.00657807,0.00621742,0.00240997,0.00355469,0.00287156,0.01752659,0.00395248,0.04986861,0.06049030,0.00946936,0.16186444,0.00515532,0.00802885,0.00148455,0.01160709,0.00824650,0.03766077,0.00142469,0.01664260,0.01345003,0.02649165,0.00595838,0.00873705,0.01661536,0.01811244,0.00939996,0.01167791,0.00429737,0.00781443,0.00950153,0.00893588,0.00703611,0.01482178,0.00248715,0.01478240,0.00438391,0.01054953,0.00250583,0.00785379,0.00699990,0.02402387,0.00157480,0.02222130,0.00361912,0.01395488,0.00472739,0.00438861,0.00357102,0.00853201,0.00475192,0.00443581,0.00353343,0.00372158,0.01761716,0.00274858,0.00463586,0.01983261,0.00072765,0.01271168,0.00320366,0.00966602,0.00114641,0.00665638,0.01705527,0.00656744,0.00148909,0.02200623,0.00547253,0.00777562,0.00292205,0.00492018,0.00336082,0.00406868,0.00442939,0.00415674,0.00339980,0.00259046,0.00627008,0.00256760
