"","Signature.1","Signature.2","Signature.3","Signature.4","Signature.5","Signature.6","Signature.7","Signature.8","Signature.9","Signature.10","Signature.11","Signature.12","Signature.13","Signature.14","Signature.15","Signature.16","Signature.17","Signature.18","Signature.19","Signature.20","Signature.21","Signature.22","Signature.23","Signature.24","Signature.25","Signature.26","Signature.27","Signature.28","Signature.29","Signature.30","Cisplatin..Gallus.gallus","Cyclophosphamide..Gallus.gallus","Etoposide..Gallus.gallus","Cisplatin..C..Elegans","Sample"
"105",0,0,0,0,0,0.063935237824212,0,0,0.247810492492408,0,0,0.514944131357089,0.0276590381194445,0,0.0193894293008081,0,0,0,0,0,0,0,0,0,0.0278052085919782,0.0984564623140604,0,0,0,0,0,0,0,0,"AOCS-166-1-2 all"
"121",0,0,0.173333279788917,0,0,0,0.024844145704961,0,0,0,0,0,0,0,0,0,0,0.0169214531340458,0.0916514653338759,0,0,0.116638917876675,0.16761626702965,0,0,0,0.0505465792041065,0,0.0428325970842382,0,0.0693261750829463,0.18671023872712,0,0.059578881033464,"AOCS-092-3-3 new"
"116",0,0,0.512506082149494,0,0,0,0,0.0841972605563646,0.0550941255014208,0,0,0.0340576718189581,0.0033796812057279,0,0.00917354408791932,0,0.0554570386020061,0,0.0273802633788328,0,0,0,0,0,0,0,0.015362675656088,0,0.0372699604210027,0,0.0141205981490755,0.126428272637619,0.0255728258354916,0,"AOCS-064-3-3 new"
"14",0,0.00342273743895743,0.428518323013232,0,0,0.0217824085903013,0,0.377967196298509,0,0,0,0.0359267833607455,0.0220820918580004,0,0,0,0,0,0.0164376060159056,0,0,0,0,0,0,0,0,0.00462957859795153,0,0.0231747464552774,0.00320326117679559,0.0549217115518793,0,0.00793355564244491,"AOCS-064-1-6 all"
"15",0,0.00405660735284606,0.476215051012822,0,1.68814752777131e-08,0.0206675746558749,0,0.274323191680694,0.010257699826357,0,0,0.0416538620168412,0.013586492200361,0,0.00231445159284854,0,0.0176457077399604,0,0.0297443821564523,0,0,0,0,0,0,0,0.00643757117495679,0.0093715535414251,0,0,0.0166244954040142,0.0771013427630708,0,0,"AOCS-064-3-3 all"
"127",0,0.00826467137158342,0.489319520525127,0,0,0.036037365709605,0,0.13502045114322,0.0351423871479453,0,0,0,0.0151290376330857,0,0,0,0,0,0.0354944422152437,0.0106750304231565,0,0.0289307405810113,0,0.0233425628425582,0,0,0.00994297181616179,0,0.0608917254889883,0.0282101959002637,0.0274227998860282,0.0561760973160228,0,0,"AOCS-139-19-0 new"
"59",0,0.0086364272823282,0.260254246720418,0,0,0.00235550440898342,0,0.457430538291894,0,0,0,0,0.0276276432304601,0.0181713859694978,0,0,0,0,0.0730502666776304,0.0154046971286031,0,0.00537744895438572,0,0.0105465002501969,0,0,0,0,0.0300380291553168,0.0408227706437127,0.0103670695161174,0.0307934913104875,0,0.0091239804599677,"AOCS-119-3-9 all"
"122",0,0.0252924454573482,0.467042280120792,0,0,0,0,0,0.0250167160999331,0,0,0.0306415929836271,0.0442238897594281,0,0,0.0780194237159334,0,0,0.0465548290240645,0,0,0.0536901407062911,0.0643190005272326,0,0,0,0.0199017384036907,0,0.0486721680870287,0,0.0267101970061194,0.0595434084070465,0,0.0103721697014648,"AOCS-093-3-6 new"
"119",0,0.0552413030793961,0.38591731744049,0,0,0,0,0.315490867000594,0.00512479443266891,0,0.014789846610782,0.00338608321134067,0.0823849746246916,0.0212897804408627,0,0,0,0,0.0356412143090873,0,0,0,0,0,0,0,0.00220240901542987,0,0,0,0.00955911807663608,0.0689722917580202,0,0,"AOCS-088-3-8 new"
"115",0.00763397275711297,0.0418650377672104,0.381169315778651,0,0,0,0.0045081661225387,0.0775744337201477,0.0154566222576301,0,0,0,0.183161003225567,0,0,0.0144260106948454,0,0,0.020510173304399,0,0,0,0.119551880854967,0,0,0,0,0.00577448690991674,0.0334982206593658,0,0,0.0663672421102074,0,0.0285034338374416,"AOCS-034-3-8 new"
"31",0.0083231634366248,0.0373194331116553,0.369055102649364,0,0,0,0,0.359850619693705,0.00752887365033567,0,0.0150455180193521,0.011464006815534,0.0612102665532438,0.0179093724712731,0,0,0,0,0.0371729555299541,0,0,0,0,0,0.00446285601497393,0,0,0,0,0.0108574786628642,0.0109436227607453,0.0488567306303749,0,0,"AOCS-088-3-8 all"
"118",0.0155147638445345,0,0.435690776259907,0,0,0,0.00348779990992056,0,0.0180870336378298,0,0,0.010781211983281,0.0381040060912254,0,0,0.0518988220279887,0,0,0.0353637503214662,0,0,0.0271577798821842,0.123486037116326,0,0,0,0.012045037941741,0,0.0805858103381813,0,0.0138049969714233,0.116719276959992,0,0.0172728967139997,"AOCS-086-3-2 new"
"125",0.0161368390996341,0,0.578405433752164,0,2.05038876369396e-08,0,0,0,0.00550617588634346,0,0,0.0419756195371511,0.015785500535258,0,0,0.0958938012345592,0,0,0,0,0,0.0202684747446393,0.0535157489159007,0,0,0.0364063769152321,0.00625458922333501,0,0.015813915734375,0,0.0101570139345638,0.086807216868197,0,0.0170732731147593,"AOCS-137-3-7 new"
"33",0.0171097534353925,0.00798985185153102,0.516001832897924,0,0.107452644043205,0.0433965010638087,0,0.209972859935417,0,0,0,0.00535780280009008,0.00487845940115883,0,0,0,0,0,0.00499599704112963,0,0.00575927607803254,0,0,0.00340204538531558,0.0109041531620461,0,0,0,0,0,0,0.0534309636075358,0.00934785929741345,0,"AOCS-091-1-3 all"
"124",0.0213042675880435,0,0.443105378146366,0,0,0,0.00701285437032293,0.0221601279188475,0,0,0,0,0.0198259579883929,0,0,0,0,0,0.0982849644804145,0,0,0.0722450634024043,0.0448942114868233,0,0,0.00666487361392876,0.0148619474488981,0,0.0606349954689435,0,0.0617874793747325,0.121718621472432,0,0.00549925723944931,"AOCS-095-3-1 new"
"120",0.0231192525126132,0,0.527735946039358,0,0,0.0342212902596819,0,0.0691062198258761,0,0,0,0.0389067020246881,0.0173965942307523,0,0,0.0193883478289482,0,0,0.0525926407594492,0,0,0.0263584890586759,0,0,0.0132361772817922,0,0.00810399066801985,0,0.0294926539938867,0,0.0231188642980474,0.104506873238833,0,0.0127159579793785,"AOCS-091-3-0 new"
"95",0.0256444573854306,0.0130268793226382,0.448770131789052,0,0,0.0285489584744607,0,0.21103309914711,0,0,0,0.0385806462248316,0.022851637310038,0,0,0.0399076538611819,0,0,0.0159194758409207,0,0,0.0130535919581695,0.0282834495364268,0,0.0138926302923351,0,0,0,0.0189157665591219,0.00446823152305077,0.0246679400137932,0.0418385722215417,0,0.0105968785398974,"AOCS-155-3-5 all"
"123",0.0259263146231902,0.00291705430015837,0.523237213164537,0,0.0364898385864561,0.00397705239871423,0,0.168267001794027,0.0472609173868549,0,0.00629874381139325,0.081471520463285,0.0663713450987243,0,0,0,0,0,0.00655101199307775,0,0,0,0,0,0,0,0,0,0,0,0,0.028718649480827,0,0.00251333689875476,"AOCS-094-6-X new"
"91",0.0269289282074418,0.00316060197325586,0.3691601701003,0,0,0,0.00440111706224162,0.215830779478214,0,0,0.0108052349860609,0.0271298991455927,0.0488858085091354,0,0,0.0745073906345782,0,0,0.0648237543667539,0,0,0.00858494503712432,0.0275483158312178,0,0.0321049196243317,0,0,0,0,0,0.00638703794901894,0.0481494216770105,0,0.0315916754177224,"AOCS-150-3-1 all"
"97",0.0337933173662797,0.00551784023255848,0.442782180881646,0,0,0,0.00536677521753888,0.301303697877296,0.00915290927716489,0,0.00922218627186806,0,0.0303929526306409,0,0,0.036197272251982,0,0,0.0310777137668915,0.0178365467144378,0.0135505331704956,0.00356248227100389,0,0,0,0,0,0,0.0202389815701773,0.0229412136451156,0,0,0.0170633968549034,0,"AOCS-158-1-6 all"
"92",0.0349181315918467,0.00965071262599834,0.466654980290211,0,0,0,0,0.149723883517251,0,0,0.0165810758010236,0.0187690278325425,0.0386158433818712,0,0,0.0654070547160843,0,0,0.0496627054305285,0,0,0,0.00640054810216678,0,0.0590541336274803,0,0.00233733838441774,0,0.00684021867462564,0,0.00959238666685064,0.0481045933572959,0,0.0176873659998064,"AOCS-150-8-X all"
"30",0.038741390091254,0,0.347385186642482,0,0,0,0,0.431979085823149,0,0.00670566122681766,0.00501843176089967,0,0.0310832967091715,0,0,0,0,0,0.047679291386955,0,0,0,0,0,0,0.0131487537128568,0,0.00748908745311787,0,0.0467412192900219,0.00636917372357524,0.0176594221796992,0,0,"AOCS-088-1-0 all"
"126",0.039813167052208,0.0171343628977453,0.473654325681544,0,0,0,0,0.161542577451977,0.00604612709276008,0,0,0.0349215043125887,0.0350628553108844,0,0,0.0239283827191258,0,0,0.0431320465904954,0,0,0.023593856901658,0,0.0127292984590689,2.04227316948065e-08,0,0.00642452406910944,0,0,0,0,0.107911165089157,0,0.014105785948946,"AOCS-139-12-5 new"
"43",0.0427576797653126,0.00163314125751135,0.409265543014446,0,0,0,0,0.2219476325313,0,0,0.0128904788678736,0.0097450895342915,0.0219848140680518,0,0,0.013183528217294,0,0,0.0606570756311959,0,0,0.0341609369345211,0.0182211198855891,0,0.0203108696607693,0,0.00337122586071323,0,0.0256397420189443,0.0263359081278725,0.0319438021541181,0.0386876312895386,0,0.00726378118065718,"AOCS-095-3-1 all"
"79",0.0442011353465479,0.0111561994192235,0.488808350666458,0,0,0.0137778519111046,0,0.202743550062327,0.0210464099438449,0,0,0.0160183497411957,0.0105224368847911,0,0,0.00632022213480038,0,0,0.0160775895188845,0.00548187067503312,0,0.0243368105589621,0.0115434070774451,0.0159018556642424,0,0,0.0082882720038246,0,0.0350063234104737,0.0311919682840288,0.0144940172193615,0.023083379477451,0,0,"AOCS-139-19-0 all"
"5",0.0444965202142639,0.0344133719724314,0.493021277904411,0,0,0,0,0.060072577033106,0.0391020019136625,0,0.0118747330667513,0,0.106179832914298,0,0,0.0357347838403572,0,0,0.0672915253647258,0,0,0,0.0341412621615441,0,0.0176051730352208,0,0,0,0.0191853768751473,0,0.0077290126851768,0.0174043000359286,0,0.0117482509829754,"AOCS-034-3-8 all"
"117",0.0453369420536652,0,0.573552688732945,0,0,0,0.00547175501420456,0.0879174101679556,0.0937033390127205,0,0,0,0.015710849505097,0,0,0,0.0034991719376075,0.0130818173989884,0.0490488198644655,0,0,0,0.036003751307475,0,0,0,0.00916885786475848,0,0,0.0261437616067296,0,0.0362010890680006,0,0.00515974646538758,"AOCS-065-3-6 new"
"89",0.0467692688091358,0.0264458744909907,0.403726992067966,0.0068880322488678,0.0466624348308199,0.0493884128854455,0,0.224536460906944,0,0,0,0,0.0187150767564415,0,0,0.0772395108561462,0,0,0.0234752417137545,0,0,0,0,0,0,0,0,0,0,0.0401858004009838,0.0133943632371891,0.0208817121804273,0,0.00169081861488811,"AOCS-148-1-4 all"
"40",0.0490792751592272,0,0.580537840368061,0,2.65712592471645e-08,0,0,0.0492441982576421,0.0956837319476135,0,0.00494848539699265,0.108864875812453,0.0484449913732269,0,0,0,0,0,0.0301177715247836,0,0,0.00157904427223322,0,0,0,0,0,0,0,0,0,0.0253218225498316,0,0.00617793676667578,"AOCS-094-1-1 all"
"128",0.0490959790524585,0.018871990900103,0.50694436740414,0,0.0743011130153349,0.00631159383451569,0,0.18391017474043,0.0520308745767612,0,0,0.0161933285725912,0.0216795003746826,0,0,0,0,0,0,0,0,0.013502286592438,0.00697332203991067,0.00838241278540619,0,0,0,0,0,0,0,0.0394703130061508,0,0.00233274310507686,"AOCS-139-6-3 new"
"64",0.0491022046920009,0.00731123017271763,0.352214485439558,0,0.0713268771094013,0,0,0.279079691772246,0,0,0,0.0311762408537927,0.0149008414915156,0,0,0.0160939653824849,0,0,0.0206234573852271,0,0,0,0,0,0.0195212007037163,0,0,0.00424444026075994,0.00665939792730698,0.00532845374374276,0,0.0577837163191638,0.047216674165023,0.0174171225813426,"AOCS-125-1-2 all"
"49",0.0503024750686976,0.0113968240895294,0.422277014266418,0,0.0564849794356857,0,0,0.179413043545997,0,0,0.00707218498425241,0.0355290143422827,0.0274596049180281,0,0,0.0504744721512723,0,0,0.00511640256464285,0,0.0327708076012604,0.0071046077381328,0,0,0.00917039198923695,0,0,0,0,0,0,0.0394433952455376,0.0366054005620863,0.0293793814969402,"AOCS-107-1-4 all"
"29",0.050794912196561,0.00757193639561978,0.526140652838971,0,0,0,0,0.0178165560141275,0.0322028998584305,0,0.0146299580987027,0.00568351704415246,0.027043328472161,0,0,0.0367106400176227,0,0,0.088565473366949,0,0,0.00948130622812005,0.0285689985484696,0,0.0205018505575549,0,0.007375158156555,0,0.0573477720197745,0,0.00356560462109513,0.057921409368284,0,0.00807802619684904,"AOCS-086-3-2 all"
"87",0.0530958584648675,0.0107684924667842,0.455554380693157,0.0234570688110955,0.0486022190801953,0.0173524693839927,0.00582327471263149,0.202413577900832,0,0,0,0,0.0312188082640353,0,0,0.0820002925920538,0,0,0,0,0.0106843174935033,0,0.00711944195404388,0,0.0170840313029573,0,0,0,0,0.00255158841752294,0.00705877949734677,0.0173398894817804,0.00787550948320059,0,"AOCS-146-1-9 all"
"36",0.0550246066135846,0.00662195158583031,0.37187886487985,0,0,0,0.0178972848821991,0.0414798962272145,0,0.00325454875301128,0,0,0,0,0,0.0466391366907076,0,0,0.123631905913402,0,0,0.0316961861650328,0.0374170907308509,0,0.0308807530510785,0,0.0239146555003482,0,0.0597319380148532,0,0.0222975128380033,0.1117766752404,0,0.015856992913634,"AOCS-092-3-3 all"
"60",0.0550883001178429,0.00424486033439167,0.572955264479433,0,0.0102314757458854,0,0,0.108899726205567,0.0442706804624928,0,0.00776434694576729,0.0644185858145687,0.02294559770272,0,0,0.0375811236014393,0,0,0,0,0,0.0115479472411463,0.0209824812714179,0,0,0,0,0,0,0,0,0.0173474405430886,0.00870462480456049,0.0130175447296789,"AOCS-120-3-6 all"
"38",0.0562958116995066,0.0198901128779303,0.609819470811878,0,0,0,0,0.0960486196480954,0.0246101309807275,0,0.00878095661828665,0.0100759851915089,0.0163204327983046,0,0,0.0322719428116492,0,0,0,0,0,0,0.0219566823554818,0,0.0745498505715367,0.00693622722209679,0.00420764575728901,0,0.00660848169981417,0,0,0,0,0.0116276489558944,"AOCS-093-3-6 all"
"34",0.0563993113193494,0.00199317514761139,0.545423942974687,0,0,0.00665401350141718,0,0.0450063780222262,0.00960120329619279,0,0,0.0105193104372447,0.0117013585408949,0,0.00398346445638001,0.0461488187462361,0,0,0.0389557361919247,0,0.00301651941551326,0.0140289398738216,0.00928024590115282,0,0.0280032255399592,0,0.00937972507242105,0,0.0389214468843264,0,0.0137875157246232,0.0870340613051865,0,0.0201616076488319,"AOCS-091-3-0 all"
"107",0.056732129665182,0.0119227227900051,0.486731222600497,0,0,0,0,0.162401682206232,0.0174448116485251,0,0.0175196471723602,0,0.0389807083289498,0,0,0.0623715534063766,0,0,0.105205637579628,0,0,0,0,0,0,0,0,0,0,0,0,0.0255246629882748,0,0.015165221613969,"AOCS-167-16-X all"
"68",0.056818187638709,0.0506786748926221,0.429306029250733,0.0310886048200429,0,0,0,0.19425067643741,0,0,0.00783156907294058,0,0.102990537204242,0.00294450268739044,0,0.0582672546497383,0,0,0.025552470919783,0,0,0,0,0,0,0,0,0,0,0.0264216701681808,0,0.0138498222582084,0,0,"AOCS-131-1-3 all"
"61",0.0571933320792817,0.0165942526385221,0.409915620964199,0,0,0,0,0.30257793696903,0,0,0.0170745864374902,0,0.0135929772491425,0.0300685405635259,0,0.0767863372053447,0,0,0.0125736266815469,0,0,0,0,0,0,0.0108617796579963,0,0,0,0.0347213187710507,0,0.0180396907828691,0,0,"AOCS-122-1-4 all"
"73",0.0573244003867907,0.0137152535851852,0.310049011312084,0,0,0.00530436363198551,0,0.368378029048084,0.0126183743609858,0,0.00319555913592822,0.0468861917917767,0.0266063427225553,0.0327699726187569,0,0.0428624478720173,0,0,0,0,0,0,0.0127927058365516,0,0,0,0,0,0,0.0290939834291566,0.00258234497969643,0.0241403271963902,0.0116806920920553,0,"AOCS-135-8-X all"
"76",0.0578072787690998,0.00925357865747554,0.477926360773637,0,0,0,0,0,0.00976446350535529,0,0,0,0.0390014546294445,0,0.00701628412535449,0.0595650795987351,0,0,0.0567862639853092,0,0.008636731965437,0.0333468008481955,0.0125180294543652,0.00411686986898255,0.0139618212549507,0,0.0133754899828432,0,0.0883339074818801,0,0.0220605994535022,0.0750244040939419,0,0.0115045815514906,"AOCS-138-3-X all"
"88",0.0586242202603847,0.100623672819376,0.361833042251497,0,0.00509820781943673,0.00789637393044094,0,0.158034441637511,0.00572141697276547,0,0.00620957277753554,0.0310395380440271,0.121246071139093,0,0.00624544417745791,0.0686258402013651,0,0,0,0,0,0.00183094828133195,0,0,0,0,0,0,0,0,0,0.0521669359587758,0.00560345004770326,0.00920082368129966,"AOCS-147-1-1 all"
"72",0.0598653094205909,0.021387691644134,0.271619170682829,0,0.108577351687674,0.00432847250985954,0,0.385324887980294,0.00485954300243354,0,0.0168918329187551,0.0400314259788065,0.0251212229154053,0.02143271227534,0,0,0,0,0,0,0,0,0,0,0,0,0,0,0,0.00622829563914317,0,0.0100184986816061,0.0243135846631283,0,"AOCS-135-3-1 all"
"66",0.0600945695899954,0.0385456698151554,0.387467458579116,0.0438667443504065,0.0117786865123765,0.00194031078757024,0,0.228387456296938,0.00371181048468654,0,0.012788114649517,0,0.0630538109341044,0,0,0.0890462347071962,0,0,0,0.00761737729642046,0.00919859437817301,0,0,0,0.00733873253766231,0,0,0,0,0,0.0109224736625065,0.0242419554181757,0,0,"AOCS-128-1-0 all"
"2",0.060413299224945,0.0286548290726485,0.339972023392869,0,0.155528805746012,0.0096202648293614,0,0.12761518941204,0.0280471305751975,0,0,0.0243100270133615,0,0.00443672591822829,0.0114596298018495,0.0794348442818901,0.0148667571640989,0,0.0234914500678009,0,0.00751390088980696,0,0,0,0,0.0512706693691821,0,0,0,0,0,0.0194066806371165,0,0.0139577726035923,"AOCS-004-1-5 all"
"113",0.0611388743782934,0,0.508843725811342,0,0,0,0,0.182489809211166,0.0152560049673879,0,0,0.0565532475731754,0.0377749715737885,0,0,0.0534967084469466,0,0,0,0,0,0,0,0,0,0,0,0.00315691573220795,0,0,0,0.081289742305692,0,0,"AOCS-171-1-0 all"
"42",0.0618662791112244,0.0145541607380062,0.429927566989268,0,0.0298054068740963,0.0226149373007503,0,0.318423760975434,0,0,0.0248035133675355,0,0.0222422124283398,0,0,0.0461652028698311,0,0,0,0,0.00367356619254546,0.0120575610005679,0,0,0,0,0,0,0.00528107311820518,0.0085847590341956,0,0,0,0,"AOCS-095-1-4 all"
"108",0.0620403770263908,0.00997835354736832,0.428950501806164,0,0,0,0,0.188870015087389,0.00875950065478179,0,0.0262908744539742,0,0.0436834813218085,0,0,0.081993659378733,0,0,0.104099358471571,0,0,0,0,0,0,0,0,0,0,0,0,0.0309097065212924,0,0.0144241717305266,"AOCS-167-3-2 all"
"78",0.0623553798088556,0.0201257926965492,0.46923743898453,0,0,0,0,0.205504280130586,0,0,0,0.00503334156887489,0.0183007683981179,0,0.00275069028186123,0.0550629449755642,0,0,0.032774927571617,0,0.0058147265922883,0.00986805302867182,0.00480424850958954,0,0.0318670585001578,0,0.00737335286761003,0,0.00278758392572045,0.00424376035406963,0,0.0507611742778335,0,0.0113344775275031,"AOCS-139-12-5 all"
"75",0.0632786743813812,0.00466889536009219,0.485443891171932,0,1.71938954933621e-08,0,0,0.124526887898778,0.00783717425976086,0,0.00302592065933662,0.05927045068542,0.0355033157432325,0.00578443683162226,0.00537119977300232,0.0918481669839637,0,0,0,0,0,0.00111144469708975,0.0233061667393342,0,0,0,0.00624049641690416,0,0.00874672994901523,0,0.00195223282191258,0.0611303291060915,0,0.0109535693272356,"AOCS-137-3-7 all"
"41",0.0634733482963991,0.00923338548345913,0.557431412120456,0,0,0,0,0.136571578874224,0.0369624576291252,0,0.00524409542641722,0.0489855141946018,0.0437505785237903,0.012556659867503,0,0.0425898576933419,0,0,0.0123477950448389,0,0,0,0,0,0,0,0,0,0,0,0,0.0308533168458438,0,0,"AOCS-094-6-X all"
"114",0.0660222737860817,0,0.525176114357591,0,0,0,0,0.178787162823265,0,0,0,0.062947525538385,0.0376910296027592,0,0,0.0535720206511065,0,0,0,0,0,0,0,0,0,0,0,0.00247154051867135,0,0,0,0.0733323327221397,0,0,"AOCS-171-3-8 all"
"58",0.0663209958826542,0.0612332370226745,0.244648894077401,0,0,0,0,0.29645719678711,0.00483637786035481,0,0.00515228632045916,0,0.0617991920019265,0,0,0.0541867148913699,0,0,0.0272356641082107,0,0,0,0.0129059880480688,0,0,0,0.00883367229605277,0,0.0516144473375997,0.0131707440529824,0.0168887119779808,0.0747158773351538,0,0,"AOCS-117-3-3 all"
"80",0.0669934486058643,0.0196952886279112,0.481900002590176,0,0.110662840646569,0,0,0.237039710021515,0.0187995125746546,0,0.0123533490284942,0.00517265407818016,0.0107701773510232,0,0.00291090941984037,0,0,0,0,0,0,0.0147463616462098,0.00645043858738742,0,0.00722121657430526,0,0,0,0,0,0,0,0,0.00528409024786877,"AOCS-139-6-3 all"
"17",0.0688183345464787,0.00605635314237421,0.493054502287416,0,0,0.00303804711884561,0,0.196691951436847,0.0350040847531861,0,0.00636314412678411,0,0.00137228289549732,0,0,0.0508120026506379,0,0,0.0524196230898935,0,0,0,0.00161424215404874,0.0129122764216941,0.0213091433587342,0,0,0,0,0.0137056266508576,0,0.0344243335643882,0,0.00240405180231741,"AOCS-065-3-6 all"
"16",0.0688352746564286,0.00698669283996305,0.455607623214208,0,0.066352047622425,0.007995187045444,0,0.241860931583057,0.0100730152986159,0,0.0029171290768057,0,0,0,0,0.025177968223041,0,0,0.0277228352432681,0,0,0.00366597511351423,0,0,0.0327215445190697,0,0,0,0,0.00587241619463963,0.0120265580979029,0.0321848012716174,0,0,"AOCS-065-1-9 all"
"106",0.0690781799112869,0.00839781000467598,0.459702338675442,0,0,0,0,0.216744395228961,0,0,0.0224801371381304,0.00488080706596486,0.0453546544291244,0,0,0.0765206597828504,0,0,0.0667566018388905,0,0,0,0.0089234846224168,0,0,0,0,0,0.00381612662544239,0,0,0.0111626087071028,0,0.0061821959697107,"AOCS-167-13-9 all"
"71",0.0691343020152548,0.0125870850187874,0.455487746567117,0,0,0,0,0.175149997447232,0.031717295145214,0,0.0158769369039625,0.0411765855300243,0.023822537925247,0,0.0110319690265031,0.0502153106878621,0,0,0.00992520104357641,0,0.00828685535242808,0.00900855017988731,0.00563383949065163,0,0.0503683022120681,0,0,0,0.0159942246280854,0,0.00586839049934348,0,0,0.00871487032675595,"AOCS-134-3-9 all"
"65",0.0716198892254946,0.00741126543853398,0.480375449330513,0,0,0,0.0139207115313093,0.180595192203782,0,0,0,0,0.0290960700651556,0,0.00954446753062854,0.142594053815535,0,0,0,0,0,0,0,0,0,0,0,0,0.00678833171000907,0,0,0.00892098965637886,0.0491335794926601,0,"AOCS-126-1-5 all"
"46",0.0722497163920952,0.0147382893668066,0.41247744123117,0,0,0,0,0.189024319099154,0,0,0.0148140322891637,0,0.0302606542735923,0,0,0.134189692536176,0,0,0.0378991852241514,0,0.0179201794164222,0,0,0,0.0339278226438599,0,0,0,0,0.00853133842354784,0.0102805468807433,0,0.0236867822231175,0,"AOCS-104-1-6 all"
"104",0.0753547814398834,0,0,0.0647781407091891,0.212073288996549,0,0,0.206743405423206,0.0174179038837646,0.0630173865935423,0,0,0.053639671740918,0.0876131588098779,0,0.0470318067457677,0,0.15965440024441,0,0,0,0,0,0,0,0,0,0,0,0,0,0,0,0.0126760554128914,"AOCS-165-1-X all"
"39",0.078413114534472,0.0171177153697426,0.641530107814645,0,0,0,0,0.120774519688908,0.0350770428086272,0,0.00979994559469495,0,0.0120781058341513,0,0,0,0,0,0,0,0,0,0,0,0.0347270315438714,0.0347387384779532,0,0,0,0,0,0.00857602242619564,0,0.00716765590673872,"AOCS-093-8-4 all"
"50",0.0787563982796624,0.00943002552019733,0.501288282639905,0,0.0971169882399382,0.00825183991466985,0,0.120809290968618,0.0401506123014397,0,0.0231044073946648,0,0.035690386965338,0,0,0.0714698963750767,0,0,0,0,0,0.00635463991376673,0,0,0,0,0,0,0,0,0,0,0.00757723148672325,0,"AOCS-108-1-7 all"
"37",0.078872627575987,0.0234756774243956,0.575959768526905,0,0,0,0,0.169648991019792,0.0224728921949697,0,0,0,0.0275670359399294,0,0,0.01726071279751,0,0,0.0152434770747436,0,0,0,0,0,0,0.0375651008659483,0,0,0,0,0,0.0251725141073444,0,0.00676120247247497,"AOCS-093-1-9 all"
"77",0.079532704813699,0.0187558084082566,0.470900853276212,0,0.131976055231659,0.00384760733139837,0,0.201836991188712,0.0152255326966047,0,0.00425062678810772,0,0.0112235099219079,0,0,0.00832949262114123,0,0,0,0,0,0.00540672184999867,0.00894074060822433,0,0.0355987372873651,0,0,0,0,0,0,0,0,0.00417461797671314,"AOCS-139-1-5 all"
"74",0.0809586469377393,0.00847117917460047,0.459892503029797,0,0,0,0,0.192815846131931,0.00703254476496381,0,0.008071466548711,0.0656837524741836,0.0406225364727502,0.0143340169745637,0,0.0725181141165769,0,0,0.0144298696338035,0,0,0,0,0,0,0,0,0.00469949649229715,0,0,0,0.0304700272480815,0,0,"AOCS-137-1-X all"
"48",0.0815074449019456,0.00731326806865009,0.455654221038652,0.019586011755124,0.108639054681857,0,0,0.205402779583902,0,0,0,0,0.008493653426808,0,0,0.0435722945859529,0,0,0.0123426506754282,0,0.00431025653889484,0,0,0,0,0,0,0,0,0,0,0,0.0506256412552461,0.00255272348753866,"AOCS-106-1-1 all"
"86",0.0819056137047197,0.010355814362322,0.492649892703083,0.029197938269783,0.078567336713554,0,0,0.14355242308618,0,0,0.0098527674548215,0.00991387486371674,0.0201273920144094,0,0.0158334300125743,0.0777973773420392,0,0,0,0,0.00364031045049378,0.00445990408583925,0,0,0,0,0,0,0.0076145312792625,0,0,0.0145313936572014,0,0,"AOCS-145-1-6 all"
"1",0.0832797518456186,0.0247286714171485,0.412648620453009,0,0,0.0066700656845976,0,0.16503888932813,0,0,0.0298124898387967,0,0.0605114350215215,0,0,0.144583850376023,0,0,0.0123630033607503,0,0.0166674109854608,0.00187558985799645,0,0.0166724213829277,0.025147800448021,0,0,0,0,0,0,0,0,0,"AOCS-001-1-7 all"
"94",0.0833075277449121,0.00679944927535057,0.506751370824877,0,0,0.0148630695920136,0,0.15725842086901,0.0340910355130042,0,0.026467865516706,0,0.0207122104025115,0,0.00540219958380277,0.0996407436508169,0,0,0.00713423869048963,0,0.00430377152516998,0,0,0,0.0128669274840363,0,0,0,0.0204011693272991,0,0,0,0,0,"AOCS-153-1-2 all"
"8",0.0841171323727647,0.00710639200180393,0.376318200738036,0,0.200440151103279,0.0105363980006468,0.00141132192188357,0.189051405658366,0.0187550212065978,0,0.00831250740873471,0.00977219283153256,0.0248406940714931,0,0,0.0421543041700154,0,0,0,0,0,0,0,0,0,0,0,0,0,0,0,0.0127280613092934,0,0.0144562172055537,"AOCS-057-1-2 all"
"85",0.084969455964111,0.0238925576014928,0.355352181324685,0.0271596777981578,0.0155891404470389,0,0.00485094052313017,0.217486582289396,0,0,0.0209683000365285,0,0.0654448291734131,0.0288675950353341,0,0.0799346254214387,0,0,0.0242188344284586,0,0,0,0,0,0,0,0,0,0.00733490563488692,0.00390138753426187,0,0.0400289867876665,0,0,"AOCS-144-1-3 all"
"93",0.086002469106148,0.0245966242157266,0.452036728467865,0.0204606828117724,0.013409695995405,0,0,0.15893503183948,0.027747314052046,0,0.0308391698056945,0,0.0327243111922993,0,0.0134230361042344,0.0712526790372335,0,0,0,0,0.00613876688962399,0.00354783291066955,0,0,0,0,0,0,0.0358602823600176,0,0.00295552713245731,0.0200698480793264,0,0,"AOCS-152-1-X all"
"47",0.0862893116401949,0.00335320319343259,0.4231529920524,0,0.0107318597223674,0.0104013645533101,0,0.241751660101838,0,0,0.0280919637138293,0.0168458259454936,0.019808470485436,0,0,0.0883377286689462,0,0,0.0281818067817907,0,0,0.0144046525022094,0,0,0,0,0,0.00260333647496363,0,0.0141911537459269,0.00759558504612866,0.00425908537173234,0,0,"AOCS-105-1-9 all"
"103",0.0870502338255802,0.0125068854642502,0.537108423742128,0,0,0,0,0.0777350819366837,0.00949730418644138,0,0.0107148906604905,0.00781482588216998,0.0508071295327466,0.0193735987345411,0,0.112984566597621,0,0,0,0,0,0,0,0,0.020482607501565,0,0,0,0,0,0.00255021282269461,0.0215299035991812,0.0298443355139071,0,"AOCS-164-1-7 all"
"84",0.0882746303977355,0.00903659546348351,0.342772860218233,0,1.50479973824886e-08,0.0308425456902016,0,0.299333285409794,0,0,0.0365215044418917,0,0,0,0,0.0869701871804903,0,0,0.0216306755878248,0,0,0,0,0,0.0356962953721997,0.0196601154116165,0,0,0,0,0.0178184493401729,0,0,0.0114428404383588,"AOCS-143-1-0 all"
"9",0.0936376661984435,0.0158731380001902,0.428975745726034,0.0521603834987771,0,0.00387765343143569,0,0.243477933689623,0,0,0,0,0.0291472898998967,0,0.00525469583340356,0.0218616236171768,0,0,0.0374081066069131,0,0,0.00506628779605142,0,0,0.0114824363603396,0,0,0,0,0.023360837936827,0,0.00472779272975671,0,0.0236884086751318,"AOCS-058-1-5 all"
"44",0.0939977126527771,0.014010586514869,0.117260633835008,0,0.35796124740765,0,0,0.271737511428065,0.0548709687904625,0,0.00360020677132412,0.0119205989353539,0.0215270730316886,0,0.00543521920380811,0,0,0,0,0,0,0,0,0,0,0,0,0.00510013317812686,0,0.0157290510275598,0,0.0268490572233069,0,0,"AOCS-096-1-7 all"
"4",0.0947470427974714,0.0260478735603347,0.577138235577783,0,0.0514132227969299,0,0,0.0732661709258574,0.0249881690858241,0,0.00959359746914901,0,0.0400463464150907,0,0.00597778737361783,0.0848289978862773,0,0,0,0,0,0,0,0,0.00863375244794828,0,0,0,0,0,0.00331880366371655,0,0,0,"AOCS-034-1-0 all"
"90",0.098381949080971,0.0126443045075058,0.568463396674227,0,0,0.00497657954878331,0,0.05676117337603,0.0410100838806032,0,0,0.0258334858513521,0.0208235719689562,0,0.0144644081362416,0.11867756571506,0,0,0,0,0,0,0,0,0,0.0142625607764596,0,0,0,0,0,0.0237009204838095,0,0,"AOCS-149-1-7 all"
"55",0.0994583709902554,0.00222649940680257,0.405640717017013,0,0,0.00190916215723269,0.00165686013164628,0.271213578477003,0,0,0.00912112189527367,0,0.0344453307816358,0,0.00917700510212836,0.0631729775124616,0,0,0.0238361881165308,0,0,0.00469145632478709,0,0,0.0118202552331244,0,0,0.00336361854906881,0,0,0,0.0341458563088488,0,0.0241210019961882,"AOCS-114-1-8 all"
"6",0.0999631430427101,0.0728645663854022,0.281343693613973,0,0,0,0.00333054372793303,0,0.0593178972888435,0,0.0129950302052306,0,0.312358650722921,0,0,0.0892709981235728,0,0,0,0,0,0,0,0,0,0.0475871554215839,0,0,0,0,0,0.0143423454473362,0.00662597602049374,0,"AOCS-055-1-7 all"
"32",0.104668952502297,0.00358872689598098,0.532001898001392,0,0,0,0,0.165911080492026,0.0450878871922646,0,0.00883671495536984,0,0.0114922281240816,0.00652864197564906,0,0.0892271213372208,0,0,0,0,0,0,0,0,0,0.00902581886456778,0,0,0,0,0,0.0236309296591501,0,0,"AOCS-090-1-0 all"
"28",0.105582737780828,0.0207436370453368,0.5477742789,0,0.111397703175905,0,0,0.123346716251697,0.0128071536840007,0,0.0211338948507887,0,0.0226473037852605,0,0.0137014802188944,0.010408845887272,0,0,0.0104562484200176,0,0,0,0,0,0,0,0,0,0,0,0,0,0,0,"AOCS-086-1-5 all"
"13",0.108108518671136,0.0108657421345116,0.340220417497344,0,0.0184047642390137,0,0.0040022040523637,0.231621332263497,0,0,0,0,0.0373768353099354,0.00516404993278756,0,0.153994453307237,0,0,0.00324421053780094,0,0.00824632801519974,0.0110226703620531,0.0113039301599833,0,0,0,0,0,0,0.0365384509277327,0.0198860925894039,0,0,0,"AOCS-063-1-3 all"
"22",0.108341147543503,0.0195888740846283,0.294683311482195,0,0.191289417431051,0,0.00221925313373723,0.208656159188843,0,0,0.0262540283129971,0,0.0371853017052817,0,0,0.0423699675939547,0,0,0,0,0,0.0103292454941768,0,0,0,0,0,0,0.0478628180104742,0,0,0.0112204760191579,0,0,"AOCS-079-1-1 all"
"7",0.110593997552459,0.0122151212609666,0.481761774061432,0,0.0287557919218407,0.00715472611116097,0,0.23415070762325,0,0,0.00247465032472145,0,0.00684317282561292,0,0,0.0368373845825005,0,0,0.0419457381950486,0,0,0,0,0,0,0,0,0,0,0,0.0174612642697032,0.0198056712713048,0,0,"AOCS-056-1-X all"
"83",0.112921647330661,0.0130947914519153,0.404231780880364,0,0,0,0,0.134092773120425,0.0785784646540942,0,0.0240476745799142,0.013348343596548,0.10034988828492,0,0,0.0836408109151261,0,0,0.0289849606590527,0,0.00670886452698005,0,0,0,0,0,0,0,0,0,0,0,0,0,"AOCS-142-3-5 all"
"112",0.120587525579417,0.0060113187499898,0.486592645892723,0,0,0,0,0.0434574074558405,0.0612413924309275,0,0.0038479988962076,0,0.0366737239559656,0,0.00754338015353104,0.195694707082073,0,0,0,0,0.00997943754966507,0,0,0,0,0.00745813016575274,0,0,0,0,0,0,0.0209123320879071,0,"AOCS-170-3-5 all"
"111",0.120919141856024,0.00615831994025614,0.479928108949019,0,0,0,0,0.0460315798603246,0.0650112117829195,0,0.00581035551461275,0,0.0369973715962592,0,0.00442823661186311,0.194718170546036,0,0,0,0,0.0126300756656541,0,0,0,0,0.00352535368955402,0,0,0,0,0,0,0.0238420739874776,0,"AOCS-170-1-8 all"
"102",0.125623376773169,0.031570003701047,0.162864066522738,0,0.156993860231416,0.0267019949142256,0,0.331176489649124,0,0,0.032567411407046,0,0.0260707245445415,0,0.00332515837572934,0.0243928023606375,0,0,0.0221912728907006,0,0,0,0,0,0,0,0,0,0,0.0205671000532979,0,0.00534603744057753,0.0306097011357503,0,"AOCS-163-1-4 all"
"57",0.129207828276454,0.00696243732897582,0.28389066258312,0,0.182444930166731,0,0,0.18717091054305,0.0476496672077109,0,0,0,0.0317467313375916,0,0,0.0380289435807671,0,0,0,0,0,0,0,0,0,0.0210575596919255,0,0,0,0,0,0,0.0718403292836751,0,"AOCS-116-1-3 all"
"53",0.132625122831827,0.00976247523679418,0.353712676767888,0,0.113705373745638,0,0,0.298600340769502,0.0103292435786133,0,0.0367893707250082,0,0.0252924192149242,0,0,0.0191829771298055,0,0,0,0,0,0,0,0,0,0,0,0,0,0,0,0,0,0,"AOCS-112-1-2 all"
"3",0.139280976662498,0.0520114993751869,0.162842234077235,0,0.257809792375205,0,0,0.114894860853761,0.0710767018536228,0,0.0105320554437022,0,0.0834368376630478,0,0,0.0437626861875342,0,0,0,0,0,0,0,0,0,0,0,0.0110329066462781,0,0,0,0,0.0533194488619299,0,"AOCS-005-1-8 all"
"27",0.139898280524849,0.0315693290183596,0.0260363431287082,0.00762380761352503,0.315023007813646,0,0,0.248884940530293,0.0765141128837966,0.00321016410982369,0.0244381468554539,0,0.0424241894392209,0.0350772977080064,0.00820427583146664,0,0,0,0.0159507238532545,0,0,0,0,0,0,0,0,0.0034117876468436,0,0,0,0,0.0217335930427536,0,"AOCS-085-1-2 all"
"35",0.145781194445794,0.0226887209758317,0.312724288573802,0,0.232789290776941,0,0,0.172450439441296,0.0245443095473514,0,0,0,0.0164353234911806,0,0,0.0393359620508681,0,0,0,0,0,0,0,0,0,0,0,0,0,0,0,0.0124601105699542,0.0207903601269823,0,"AOCS-092-1-6 all"
"21",0.147780756380004,0.00882586383628841,0.443772169011003,0,0.014733293271665,0,0,0.0469430823030308,0.0227878191485986,0.0081446542556732,0.0114480893565971,0,0.0715536474702416,0,0,0.163594095295188,0,0,0,0,0.0112125991704523,0,0,0,0,0.0119935724489728,0,0,0,0,0,0.0155751106581739,0.0216352473941115,0,"AOCS-078-1-9 all"
"109",0.154393982860314,0.043553039378774,0.333125020968034,0,0.0667152494888703,0,0,0.201676220594215,0,0,0.00692837614919006,0,0.0669757886267437,0.00785348639356669,0,0.0950397379181049,0,0,0,0,0,0,0,0,0,0,0,0,0,0.00475881519948502,0,0.0189802824227019,0,0,"AOCS-168-1-8 all"
"67",0.156245783310539,0.0124186435679491,0.432051057827362,0,0,0,0,0.097750167058283,0,0,0.0199900817070653,0,0.077803059105355,0,0,0.151478899382208,0,0,0,0,0,0,0,0,0.0157332350437275,0,0,0,0,0,0,0.0231164998744559,0,0.0134125731230551,"AOCS-130-1-0 all"
"100",0.158356646620844,0.0384875463853784,0.197729420669539,0,0.233418608250157,0,0,0.195633785931971,0.0608388991288545,0,0.00418176681705226,0,0.0545270838191388,0,0.00821339642889206,0,0,0,0.0208231683602001,0,0,0,0,0,0,0,0,0,0,0,0,0.0277896775879727,0,0,"AOCS-161-1-9 all"
"25",0.165156923028113,0.0085394446323374,0.283379547655864,0,0.23551995234773,0,0,0.144848507841462,0.0557091470531006,0,0.00272749310543086,0.017044978823915,0.0327100402702949,0,0,0.0218203044523324,0,0,0.00839468430522905,0,0,0,0,0,0,0,0,0,0,0,0,0.024148976484191,0,0,"AOCS-083-1-7 all"
"26",0.165607577905334,0.00986316320546385,0.180211617076733,0,0.385425695324046,0,0,0.10060840829721,0.0140990260807732,0,0,0,0.038185792119118,0,0,0.0359928618334946,0,0,0,0,0,0,0,0,0,0,0,0,0,0,0,0,0.0700058581578267,0,"AOCS-084-1-X all"
"81",0.172422872257882,0.0716635371201133,0.270433510147393,0,0,0,0,0.11142504788129,0.0623334324245867,0.00521008496888019,0.00313090987210756,0,0.0831376179337562,0,0.0147913712888911,0.0294930256810212,0,0,0.0474273042667971,0,0,0.0193666126579291,0,0.0416080350984187,0,0,0.0100667552708238,0,0.0160656352899456,0,0.00560469962768764,0.035819548212477,0,0,"AOCS-141-3-2 all"
"54",0.174636335566608,0.00594179267915253,0.203499795583266,0,0.135262320316881,0,0,0.314364782871608,0,0,0.0135604717519426,0,0.0410221750375617,0,0,0.0826197986445989,0,0,0,0,0.0041313458321705,0,0,0,0,0.0122571306035479,0,0,0,0,0,0,0.0127040511126631,0,"AOCS-113-1-5 all"
"99",0.175897375752528,0.0169085762213981,0.191098633378095,0,0.118981485745824,0.0165010822647581,0,0.336205226955566,0,0,0.023826298062543,0,0.0340018900595546,0,0,0,0,0,0,0,0,0,0,0,0,0,0,0,0,0,0.00538295599615566,0.0110822445086969,0.0701142310548807,0,"AOCS-160-1-6 all"
"18",0.176046120050593,0.0334391541042607,0.275429546096693,0,0,0,0.00215864831860333,0.127714765976596,0,0,0.00339240710485598,0,0.177188059573069,0,0,0.130255899445716,0,0,0,0,0,0,0,0,0,0,0,0,0,0,0,0.0441414039013566,0.030233995428256,0,"AOCS-075-1-0 all"
"82",0.176322137904588,0.0978780143859471,0.296674114589607,0,0,0,0,0.0560374837367181,0.0601781238181704,0,0,0,0.114127336974378,0,0.00739907156765157,0.0205948874092062,0,0.0243320363688797,0.0383539229686723,0,0,0.0151272252784472,0,0.00572804581415813,0,0,0,0,0.0232067039484879,0,0.0175151546790631,0.0465257405560247,0,0,"AOCS-141-8-0 all"
"56",0.17943948748755,0.0045251997739181,0.225576321646466,0,0.214431036767319,0,0,0.286122925213265,0,0,0.0182372541017798,0,0.0158449764753164,0,0,0.033437745652913,0,0,0,0,0,0,0,0,0,0,0,0.0141043841069361,0,0.00478109557074888,0,0,0,0.0034995732037874,"AOCS-115-1-0 all"
"19",0.182397731250566,0.00730067577724742,0.270512524087978,0,0.22136315809864,0,0,0.14390798474644,0.035850522052717,0,0.0026381995899326,0,0.0269206032219146,0,0,0.109108601174564,0,0,0,0,0,0,0,0,0,0,0,0,0,0,0,0,0,0,"AOCS-076-1-3 all"
"23",0.190832038668475,0.016566461570395,0.30407149650196,0,0.17293289198765,0,0.0124777955604152,0.152324610618091,0.0281524956926466,0,0,0,0.0251900868758501,0,0,0.0384521622351789,0,0,0.0471116857662092,0,0,0,0,0,0,0,0,0,0,0,0,0.0118882745231284,0,0,"AOCS-080-1-9 all"
"12",0.191690428934699,0.0185144597241749,0.170838601676497,0,0.238203695731649,0,0.00186573709943083,0.269649137942023,0.0136419101903221,0,0.0278527290460319,0,0.0264236859238514,0,0.00340562780050874,0.00834781891957092,0,0,0,0,0,0,0,0,0,0,0,0,0,0,0,0,0.0295661670112417,0,"AOCS-061-1-8 all"
"110",0.207259470846049,0.0295975346110709,0.240885583832301,0,0.128203685820489,0,0.00448875735622513,0.220718235475995,0,0,0.03353386856265,0,0,0,0,0.0762020789997805,0,0,0.0262038028362031,0,0,0,0,0,0,0,0,0,0,0.0262406159783796,0.00338993942607966,0.00327642625477835,0,0,"AOCS-169-1-0 all"
"98",0.214852797782477,0.00524503372709104,0.141032723512971,0,0.197848179797461,0,0.0172383722318274,0.20821682788388,0,0,0.00285660803533007,0,0.0531214472232605,0,0,0.114163642614166,0,0,0,0,0,0,0,0,0,0,0,0,0,0,0,0,0.0454243671915355,0,"AOCS-159-1-9 all"
"24",0.230851626690062,0,0.367570035715927,0,0.105331848780942,0,0,0.0800990543042905,0.0648635256323088,0,0,0,0.025179047658136,0,0,0.0886553837726568,0,0,0,0,0,0,0,0,0,0.0333014469415472,0,0,0,0,0,0.00414803050412967,0,0,"AOCS-081-1-1 all"
"101",0.247213725803548,0.0245913933659419,0.121807871160502,0,0.326548243286162,0,0,0.166625223594203,0.0373461105316569,0,0.0104212297604839,0,0.0357892900061178,0,0,0.00882214499609051,0,0,0.00775434658397088,0,0,0,0,0,0,0,0,0.0130804209113227,0,0,0,0,0,0,"AOCS-162-1-1 all"
"96",0.263426812688999,0.0105442133421674,0.0623520112982133,0,0.220843927660582,0,0,0.339025260065494,0,0,0.0203110433269811,0,0.034006737088807,0,0.00422022769454826,0.00973299799106097,0,0,0,0,0,0,0,0,0,0,0,0,0,0,0,0.0185703505682582,0.016966418274888,0,"AOCS-157-1-3 all"
"63",0.263823592602146,0.0165893476462197,0.114860254149601,0,0.246564201011522,0,0,0.179952001333037,0.00598269289827142,0,0.00689956402482255,0,0.0361062752833853,0,0.0120448173338599,0.0252380317006977,0,0,0.00525748080630331,0,0,0,0,0,0,0,0,0.00936831058393638,0,0,0.00733126254641173,0,0.0699821680797853,0,"AOCS-124-1-X all"
"62",0.272873149499204,0.035522413023862,0.2609624442569,0,0.0867784231388687,0,0,0.19436470440233,0.0311813878683433,0,0.00427057004136999,0,0,0,0,0.0168028851282884,0,0,0.00549419940500934,0,0,0,0.0211142113350826,0,0.00800585739156726,0,0,0,0,0,0,0.0198090228365569,0.0428207316726176,0,"AOCS-123-1-7 all"
"69",0.284956292035823,0.0219009566867371,0.0426871935484696,0,0.26928092631655,0,0,0.238701706972023,0,0,0.0325887131362761,0,0.0210635481713343,0,0,0.0422844558617991,0,0,0.0278241254376238,0,0,0,0,0,0,0,0,0,0,0,0,0,0.0187120818333633,0,"AOCS-132-1-6 all"
"51",0.295124283829459,0.0284970282756803,0.0465739630080777,0,0.229760007907263,0,0,0.193137286125733,0,0,0.0150196373156119,0,0.038321605430949,0,0.0117023833944833,0.0381756325902567,0,0,0,0,0,0,0,0,0,0,0,0,0,0,0.0102445680086169,0.0430141614441132,0.0504294426697565,0,"AOCS-109-1-X all"
"10",0.29945699682229,0.0338253572117685,0.0897226920772413,0,0.139388175305789,0,0.0056123794233081,0.118957249463538,0,0,0.0382689309035291,0,0.0319544763587111,0,0,0.163946512733827,0,0,0,0,0,0,0,0,0,0,0,0,0,0,0,0.044120617656242,0.0347466120437558,0,"AOCS-059-1-8 all"
"52",0.302815778446784,0.0143113766441117,0.22539505988754,0,0.0552311902474847,0,0,0.217693894414869,0,0,0,0,0,0,0.0228168201568686,0.149386059089874,0,0,0.0084753872235994,0,0,0,0,0,0,0,0,0.00387443388886865,0,0,0,0,0,0,"AOCS-111-1-X all"
"45",0.305094859405113,0.0317585804180838,0.14089193968997,0,0.0025112957707858,0,0.016955973362497,0.229593531136382,0,0,0.0473860025390015,0,0,0,0,0.218315911960745,0,0,0,0,0,0,0,0,0,0.00749190571742223,0,0,0,0,0,0,0,0,"AOCS-097-1-X all"
"70",0.305481124296356,0.0485585544484665,0.130044821796901,0,0.135643403790956,0,0.00730364185205033,0.300570320099876,0.0119637744138745,0.00317322584161783,0.0266740672506378,0,0,0.00859064273544013,0,0,0,0,0.0219964234738248,0,0,0,0,0,0,0,0,0,0,0,0,0,0,0,"AOCS-133-1-9 all"
"20",0.360053768663836,0.031726261262706,0.0868831454465027,0,0.0158958334324285,0,0.0189322867760513,0.199165830863159,0,0,0.00466631596409441,0,0.0338840476175004,0,0,0.173734762684127,0,0,0.024302751344073,0,0,0,0,0,0,0,0,0,0,0,0,0,0.0507549959455223,0,"AOCS-077-1-6 all"
"11",0.373316076921417,0.015169741537218,0.100566018186579,0.00986265817144151,0.232119199748549,0,0,0.0880396644098893,0,0.0306473453635962,0.026393422016113,0,0.0537929429624521,0,0,0,0,0.0366830156783071,0.00540925089694539,0,0,0,0,0,0,0,0,0,0,0.0280006641074928,0,0,0,0,"AOCS-060-1-5 all"
