source_id,A[C>A]A,A[C>A]C,A[C>A]G,A[C>A]T,A[C>G]A,A[C>G]C,A[C>G]G,A[C>G]T,A[C>T]A,A[C>T]C,A[C>T]G,A[C>T]T,A[T>A]A,A[T>A]C,A[T>A]G,A[T>A]T,A[T>C]A,A[T>C]C,A[T>C]G,A[T>C]T,A[T>G]A,A[T>G]C,A[T>G]G,A[T>G]T,C[C>A]A,C[C>A]C,C[C>A]G,C[C>A]T,C[C>G]A,C[C>G]C,C[C>G]G,C[C>G]T,C[C>T]A,C[C>T]C,C[C>T]G,C[C>T]T,C[T>A]A,C[T>A]C,C[T>A]G,C[T>A]T,C[T>C]A,C[T>C]C,C[T>C]G,C[T>C]T,C[T>G]A,C[T>G]C,C[T>G]G,C[T>G]T,G[C>A]A,G[C>A]C,G[C>A]G,G[C>A]T,G[C>G]A,G[C>G]C,G[C>G]G,G[C>G]T,G[C>T]A,G[C>T]C,G[C>T]G,G[C>T]T,G[T>A]A,G[T>A]C,G[T>A]G,G[T>A]T,G[T>C]A,G[T>C]C,G[T>C]G,G[T>C]T,G[T>G]A,G[T>G]C,G[T>G]G,G[T>G]T,T[C>A]A,T[C>A]C,T[C>A]G,T[C>A]T,T[C>G]A,T[C>G]C,T[C>G]G,T[C>G]T,T[C>T]A,T[C>T]C,T[C>T]G,T[C>T]T,T[T>A]A,T[T>A]C,T[T>A]G,T[T>A]T,T[T>C]A,T[T>C]C,T[T>C]G,T[T>C]T,T[T>G]A,T[T>G]C,T[T>G]G,T[T>G]T,kind
AOCS-001-1-7,121.0,85.0,15.0,92.0,84.0,48.0,12.0,83.0,93.0,53.0,123.0,105.0,30.0,32.0,44.0,60.0,125.0,48.0,81.0,120.0,24.0,15.0,32.0,32.0,99.0,86.0,13.0,81.0,52.0,40.0,12.0,72.0,72.0,75.0,74.0,110.0,44.0,60.0,72.0,68.0,35.0,70.0,49.0,44.0,17.0,16.0,25.0,31.0,65.0,69.0,8.0,56.0,42.0,42.0,5.0,40.0,89.0,76.0,83.0,67.0,29.0,19.0,42.0,54.0,54.0,29.0,47.0,67.0,4.0,5.0,34.0,27.0,78.0,94.0,19.0,103.0,149.0,89.0,12.0,235.0,158.0,109.0,64.0,127.0,51.0,51.0,28.0,91.0,67.0,47.0,37.0,81.0,22.0,21.0,35.0,63.0,all
AOCS-004-1-5,109.0,108.0,17.0,83.0,78.0,47.0,12.0,72.0,138.0,68.0,131.0,100.0,54.0,57.0,63.0,83.0,155.0,59.0,103.0,155.0,23.0,15.0,34.0,33.0,125.0,79.0,13.0,133.0,57.0,51.0,26.0,79.0,99.0,77.0,103.0,132.0,36.0,44.0,56.0,78.0,85.0,80.0,85.0,118.0,22.0,31.0,46.0,93.0,50.0,44.0,9.0,56.0,39.0,33.0,8.0,47.0,90.0,79.0,123.0,108.0,39.0,34.0,39.0,48.0,93.0,61.0,75.0,110.0,17.0,12.0,31.0,39.0,67.0,77.0,10.0,117.0,59.0,68.0,15.0,147.0,142.0,102.0,57.0,125.0,80.0,42.0,42.0,104.0,112.0,93.0,41.0,95.0,27.0,28.0,62.0,69.0,all
AOCS-005-1-8,107.0,66.0,6.0,60.0,55.0,38.0,18.0,53.0,123.0,55.0,167.0,101.0,49.0,26.0,32.0,71.0,125.0,57.0,100.0,127.0,32.0,17.0,37.0,53.0,56.0,44.0,9.0,45.0,43.0,32.0,14.0,56.0,84.0,59.0,143.0,85.0,23.0,35.0,32.0,52.0,43.0,51.0,45.0,73.0,22.0,18.0,31.0,59.0,66.0,43.0,10.0,53.0,25.0,18.0,10.0,31.0,77.0,67.0,134.0,62.0,24.0,11.0,13.0,31.0,50.0,25.0,33.0,50.0,25.0,10.0,43.0,35.0,85.0,83.0,21.0,117.0,148.0,74.0,11.0,252.0,206.0,102.0,91.0,178.0,61.0,14.0,19.0,66.0,58.0,50.0,37.0,80.0,36.0,20.0,44.0,84.0,all
AOCS-034-1-0,254.0,211.0,27.0,173.0,203.0,107.0,33.0,199.0,253.0,119.0,215.0,182.0,100.0,71.0,77.0,161.0,279.0,94.0,116.0,163.0,71.0,23.0,72.0,75.0,191.0,175.0,27.0,243.0,120.0,104.0,36.0,202.0,175.0,426.0,143.0,432.0,101.0,113.0,129.0,212.0,95.0,108.0,95.0,170.0,39.0,52.0,98.0,80.0,148.0,177.0,16.0,130.0,104.0,110.0,17.0,171.0,199.0,159.0,165.0,165.0,54.0,53.0,70.0,93.0,103.0,67.0,94.0,95.0,49.0,48.0,306.0,67.0,220.0,230.0,27.0,233.0,535.0,190.0,30.0,816.0,492.0,229.0,130.0,353.0,110.0,74.0,59.0,165.0,150.0,120.0,52.0,136.0,78.0,40.0,86.0,173.0,all
AOCS-034-3-8,254.0,211.0,27.0,173.0,203.0,107.0,33.0,199.0,253.0,119.0,215.0,182.0,100.0,71.0,77.0,161.0,279.0,94.0,116.0,163.0,71.0,23.0,72.0,75.0,191.0,175.0,27.0,243.0,120.0,104.0,36.0,202.0,175.0,426.0,143.0,432.0,101.0,113.0,129.0,212.0,95.0,108.0,95.0,170.0,39.0,52.0,98.0,80.0,148.0,177.0,16.0,130.0,104.0,110.0,17.0,171.0,199.0,159.0,165.0,165.0,54.0,53.0,70.0,93.0,103.0,67.0,94.0,95.0,49.0,48.0,306.0,67.0,220.0,230.0,27.0,233.0,535.0,190.0,30.0,816.0,492.0,229.0,130.0,353.0,110.0,74.0,59.0,165.0,150.0,120.0,52.0,136.0,78.0,40.0,86.0,173.0,all
AOCS-055-1-7,152.0,122.0,17.0,137.0,147.0,78.0,42.0,149.0,184.0,94.0,318.0,144.0,55.0,51.0,63.0,115.0,247.0,109.0,168.0,285.0,43.0,8.0,57.0,64.0,130.0,91.0,14.0,120.0,124.0,90.0,38.0,147.0,126.0,113.0,183.0,203.0,50.0,53.0,76.0,101.0,103.0,140.0,96.0,155.0,39.0,48.0,82.0,121.0,89.0,76.0,19.0,70.0,65.0,59.0,15.0,109.0,140.0,97.0,222.0,107.0,41.0,39.0,43.0,76.0,117.0,73.0,89.0,140.0,34.0,24.0,71.0,62.0,263.0,152.0,27.0,197.0,1617.0,385.0,97.0,1656.0,1042.0,344.0,227.0,607.0,93.0,50.0,51.0,129.0,136.0,121.0,71.0,146.0,87.0,39.0,66.0,152.0,all
AOCS-056-1-X,181.0,160.0,15.0,130.0,130.0,58.0,16.0,108.0,144.0,77.0,187.0,137.0,70.0,60.0,97.0,90.0,126.0,63.0,96.0,117.0,21.0,13.0,53.0,35.0,109.0,123.0,13.0,101.0,77.0,49.0,18.0,85.0,72.0,86.0,122.0,149.0,47.0,81.0,77.0,104.0,58.0,72.0,35.0,57.0,22.0,30.0,58.0,46.0,88.0,96.0,16.0,78.0,37.0,33.0,11.0,74.0,107.0,87.0,125.0,95.0,36.0,39.0,43.0,79.0,51.0,26.0,42.0,60.0,21.0,7.0,51.0,29.0,97.0,126.0,9.0,102.0,78.0,74.0,8.0,167.0,107.0,85.0,90.0,114.0,67.0,58.0,38.0,124.0,60.0,59.0,39.0,86.0,25.0,17.0,48.0,79.0,all
AOCS-057-1-2,120.0,121.0,6.0,98.0,105.0,34.0,10.0,96.0,132.0,66.0,134.0,93.0,59.0,31.0,56.0,76.0,136.0,53.0,84.0,116.0,32.0,10.0,29.0,28.0,91.0,109.0,17.0,105.0,49.0,37.0,9.0,80.0,79.0,66.0,99.0,97.0,42.0,77.0,57.0,73.0,55.0,75.0,51.0,88.0,14.0,22.0,46.0,41.0,63.0,46.0,19.0,57.0,30.0,34.0,7.0,55.0,93.0,77.0,100.0,74.0,31.0,31.0,41.0,64.0,52.0,41.0,51.0,53.0,17.0,10.0,36.0,25.0,93.0,84.0,12.0,120.0,86.0,72.0,14.0,155.0,92.0,106.0,66.0,87.0,71.0,39.0,45.0,107.0,81.0,69.0,38.0,91.0,28.0,16.0,51.0,66.0,all
AOCS-058-1-5,219.0,199.0,29.0,135.0,95.0,50.0,22.0,109.0,179.0,87.0,227.0,125.0,76.0,58.0,80.0,118.0,123.0,53.0,101.0,149.0,29.0,17.0,59.0,39.0,185.0,209.0,24.0,200.0,102.0,107.0,22.0,174.0,144.0,118.0,128.0,173.0,72.0,119.0,128.0,132.0,70.0,88.0,49.0,92.0,18.0,33.0,62.0,46.0,116.0,102.0,9.0,116.0,43.0,56.0,14.0,76.0,127.0,108.0,156.0,120.0,44.0,52.0,75.0,87.0,64.0,32.0,54.0,65.0,21.0,10.0,53.0,35.0,148.0,151.0,32.0,180.0,146.0,112.0,11.0,256.0,188.0,137.0,96.0,136.0,64.0,60.0,46.0,164.0,83.0,60.0,46.0,104.0,40.0,33.0,45.0,67.0,all
AOCS-059-1-8,82.0,56.0,12.0,35.0,24.0,23.0,6.0,39.0,83.0,53.0,227.0,72.0,43.0,29.0,25.0,40.0,92.0,31.0,57.0,104.0,15.0,5.0,14.0,25.0,29.0,24.0,5.0,35.0,25.0,10.0,5.0,27.0,67.0,63.0,110.0,83.0,13.0,20.0,26.0,43.0,41.0,25.0,24.0,38.0,12.0,12.0,17.0,23.0,30.0,20.0,3.0,18.0,7.0,10.0,4.0,18.0,61.0,54.0,143.0,53.0,10.0,12.0,18.0,22.0,38.0,19.0,36.0,53.0,10.0,5.0,15.0,8.0,47.0,44.0,6.0,52.0,42.0,25.0,11.0,96.0,99.0,92.0,111.0,122.0,27.0,23.0,14.0,61.0,39.0,28.0,20.0,57.0,17.0,17.0,10.0,36.0,all
AOCS-060-1-5,67.0,55.0,16.0,63.0,42.0,24.0,19.0,25.0,108.0,61.0,320.0,77.0,30.0,16.0,22.0,45.0,89.0,27.0,59.0,69.0,18.0,9.0,5.0,33.0,55.0,34.0,14.0,40.0,28.0,17.0,19.0,42.0,100.0,85.0,206.0,90.0,20.0,19.0,20.0,32.0,20.0,26.0,23.0,34.0,6.0,14.0,11.0,15.0,61.0,35.0,18.0,35.0,20.0,15.0,10.0,32.0,77.0,74.0,211.0,66.0,9.0,13.0,17.0,13.0,40.0,15.0,24.0,41.0,4.0,5.0,9.0,11.0,74.0,68.0,21.0,155.0,74.0,37.0,17.0,124.0,116.0,109.0,155.0,95.0,42.0,25.0,4.0,39.0,35.0,21.0,27.0,47.0,16.0,4.0,17.0,47.0,all
AOCS-061-1-8,151.0,96.0,25.0,109.0,78.0,47.0,44.0,72.0,151.0,68.0,254.0,97.0,62.0,53.0,59.0,83.0,142.0,48.0,79.0,126.0,20.0,17.0,31.0,31.0,89.0,91.0,22.0,71.0,39.0,29.0,39.0,63.0,80.0,84.0,176.0,99.0,35.0,42.0,40.0,65.0,32.0,44.0,35.0,53.0,11.0,11.0,34.0,35.0,73.0,44.0,22.0,61.0,23.0,22.0,22.0,29.0,73.0,121.0,169.0,79.0,22.0,27.0,36.0,50.0,53.0,36.0,38.0,59.0,13.0,11.0,27.0,25.0,102.0,86.0,18.0,127.0,68.0,40.0,22.0,136.0,121.0,125.0,125.0,121.0,83.0,36.0,30.0,99.0,54.0,55.0,36.0,81.0,31.0,16.0,38.0,66.0,all
AOCS-063-1-3,122.0,130.0,16.0,115.0,75.0,37.0,14.0,91.0,126.0,62.0,182.0,90.0,55.0,47.0,69.0,90.0,143.0,54.0,86.0,143.0,32.0,8.0,35.0,28.0,103.0,99.0,14.0,99.0,52.0,56.0,12.0,83.0,110.0,80.0,84.0,129.0,59.0,60.0,73.0,91.0,51.0,51.0,47.0,74.0,19.0,18.0,45.0,44.0,87.0,82.0,9.0,78.0,32.0,33.0,7.0,56.0,77.0,88.0,113.0,69.0,31.0,44.0,55.0,67.0,54.0,32.0,52.0,74.0,19.0,12.0,34.0,19.0,81.0,105.0,8.0,121.0,111.0,73.0,14.0,197.0,138.0,116.0,62.0,113.0,54.0,60.0,50.0,76.0,76.0,43.0,38.0,73.0,38.0,28.0,35.0,58.0,all
AOCS-064-1-6,603.0,590.0,58.0,653.0,415.0,215.0,78.0,407.0,614.0,262.0,270.0,505.0,261.0,242.0,281.0,425.0,410.0,260.0,281.0,475.0,136.0,61.0,218.0,170.0,496.0,483.0,59.0,509.0,234.0,205.0,73.0,288.0,258.0,259.0,223.0,556.0,309.0,388.0,350.0,595.0,190.0,373.0,216.0,442.0,92.0,126.0,258.0,339.0,382.0,399.0,34.0,331.0,154.0,270.0,29.0,276.0,322.0,335.0,214.0,348.0,194.0,158.0,167.0,347.0,168.0,248.0,143.0,284.0,69.0,111.0,336.0,184.0,352.0,394.0,36.0,462.0,368.0,295.0,47.0,666.0,332.0,285.0,141.0,412.0,285.0,267.0,142.0,658.0,285.0,334.0,108.0,356.0,137.0,113.0,223.0,383.0,all
AOCS-064-3-3,603.0,590.0,58.0,653.0,415.0,215.0,78.0,407.0,614.0,262.0,270.0,505.0,261.0,242.0,281.0,425.0,410.0,260.0,281.0,475.0,136.0,61.0,218.0,170.0,496.0,483.0,59.0,509.0,234.0,205.0,73.0,288.0,258.0,259.0,223.0,556.0,309.0,388.0,350.0,595.0,190.0,373.0,216.0,442.0,92.0,126.0,258.0,339.0,382.0,399.0,34.0,331.0,154.0,270.0,29.0,276.0,322.0,335.0,214.0,348.0,194.0,158.0,167.0,347.0,168.0,248.0,143.0,284.0,69.0,111.0,336.0,184.0,352.0,394.0,36.0,462.0,368.0,295.0,47.0,666.0,332.0,285.0,141.0,412.0,285.0,267.0,142.0,658.0,285.0,334.0,108.0,356.0,137.0,113.0,223.0,383.0,all
AOCS-065-1-9,191.0,151.0,21.0,150.0,130.0,58.0,20.0,131.0,161.0,97.0,169.0,120.0,78.0,66.0,83.0,118.0,164.0,67.0,98.0,138.0,35.0,15.0,63.0,46.0,157.0,147.0,26.0,125.0,94.0,50.0,17.0,115.0,116.0,117.0,104.0,182.0,74.0,113.0,102.0,129.0,45.0,71.0,58.0,99.0,30.0,23.0,59.0,68.0,106.0,102.0,15.0,77.0,44.0,47.0,8.0,85.0,134.0,100.0,124.0,108.0,55.0,61.0,80.0,74.0,57.0,40.0,52.0,80.0,38.0,20.0,177.0,49.0,120.0,120.0,15.0,140.0,109.0,69.0,12.0,155.0,105.0,126.0,67.0,134.0,78.0,77.0,42.0,159.0,81.0,60.0,51.0,128.0,50.0,28.0,60.0,102.0,all
AOCS-065-3-6,191.0,151.0,21.0,150.0,130.0,58.0,20.0,131.0,161.0,97.0,169.0,120.0,78.0,66.0,83.0,118.0,164.0,67.0,98.0,138.0,35.0,15.0,63.0,46.0,157.0,147.0,26.0,125.0,94.0,50.0,17.0,115.0,116.0,117.0,104.0,182.0,74.0,113.0,102.0,129.0,45.0,71.0,58.0,99.0,30.0,23.0,59.0,68.0,106.0,102.0,15.0,77.0,44.0,47.0,8.0,85.0,134.0,100.0,124.0,108.0,55.0,61.0,80.0,74.0,57.0,40.0,52.0,80.0,38.0,20.0,177.0,49.0,120.0,120.0,15.0,140.0,109.0,69.0,12.0,155.0,105.0,126.0,67.0,134.0,78.0,77.0,42.0,159.0,81.0,60.0,51.0,128.0,50.0,28.0,60.0,102.0,all
AOCS-075-1-0,83.0,73.0,9.0,79.0,58.0,27.0,16.0,56.0,95.0,38.0,156.0,55.0,42.0,34.0,54.0,55.0,95.0,30.0,57.0,99.0,21.0,10.0,28.0,10.0,53.0,50.0,15.0,48.0,36.0,26.0,12.0,45.0,58.0,49.0,114.0,74.0,26.0,44.0,40.0,62.0,34.0,36.0,30.0,50.0,21.0,12.0,15.0,20.0,37.0,44.0,13.0,41.0,26.0,20.0,3.0,41.0,40.0,51.0,115.0,46.0,13.0,17.0,25.0,25.0,32.0,21.0,23.0,49.0,8.0,4.0,19.0,14.0,65.0,50.0,8.0,87.0,309.0,97.0,15.0,354.0,203.0,87.0,82.0,126.0,39.0,18.0,11.0,67.0,40.0,33.0,27.0,66.0,20.0,18.0,32.0,48.0,all
AOCS-076-1-3,119.0,101.0,22.0,108.0,94.0,39.0,23.0,99.0,153.0,68.0,252.0,100.0,64.0,47.0,52.0,91.0,175.0,55.0,105.0,163.0,34.0,13.0,37.0,30.0,67.0,59.0,14.0,73.0,54.0,47.0,26.0,55.0,85.0,68.0,154.0,127.0,20.0,48.0,49.0,70.0,64.0,45.0,41.0,68.0,16.0,21.0,48.0,41.0,55.0,51.0,10.0,43.0,29.0,25.0,4.0,48.0,75.0,67.0,147.0,74.0,21.0,21.0,34.0,43.0,61.0,31.0,46.0,79.0,17.0,8.0,28.0,20.0,92.0,91.0,9.0,113.0,88.0,67.0,25.0,147.0,99.0,93.0,94.0,105.0,67.0,50.0,31.0,82.0,59.0,64.0,33.0,104.0,40.0,21.0,42.0,89.0,all
AOCS-077-1-6,82.0,42.0,5.0,36.0,25.0,14.0,5.0,20.0,72.0,33.0,199.0,50.0,27.0,20.0,14.0,33.0,89.0,29.0,28.0,79.0,14.0,5.0,9.0,13.0,41.0,32.0,9.0,28.0,14.0,15.0,5.0,30.0,56.0,43.0,143.0,67.0,13.0,17.0,14.0,36.0,15.0,16.0,16.0,23.0,4.0,7.0,6.0,14.0,33.0,15.0,7.0,24.0,11.0,7.0,2.0,19.0,46.0,35.0,140.0,50.0,13.0,7.0,14.0,17.0,30.0,26.0,11.0,36.0,6.0,2.0,9.0,9.0,33.0,48.0,9.0,55.0,34.0,20.0,2.0,80.0,92.0,72.0,85.0,73.0,30.0,18.0,9.0,36.0,28.0,22.0,8.0,48.0,10.0,8.0,9.0,28.0,all
AOCS-078-1-9,161.0,110.0,22.0,115.0,123.0,68.0,45.0,152.0,178.0,87.0,257.0,154.0,55.0,42.0,67.0,115.0,203.0,77.0,112.0,219.0,54.0,12.0,55.0,45.0,116.0,88.0,20.0,73.0,77.0,68.0,37.0,125.0,112.0,85.0,166.0,152.0,59.0,53.0,79.0,96.0,87.0,91.0,82.0,112.0,20.0,33.0,52.0,55.0,76.0,74.0,25.0,79.0,41.0,47.0,18.0,77.0,104.0,97.0,190.0,101.0,37.0,27.0,41.0,58.0,95.0,56.0,76.0,120.0,24.0,16.0,44.0,40.0,136.0,113.0,17.0,167.0,247.0,143.0,27.0,396.0,175.0,150.0,139.0,178.0,62.0,53.0,36.0,122.0,97.0,98.0,70.0,152.0,51.0,31.0,77.0,109.0,all
AOCS-079-1-1,195.0,118.0,23.0,98.0,78.0,39.0,15.0,69.0,123.0,82.0,194.0,122.0,65.0,44.0,59.0,80.0,135.0,59.0,101.0,113.0,22.0,11.0,36.0,16.0,124.0,98.0,16.0,90.0,61.0,53.0,13.0,78.0,122.0,88.0,115.0,105.0,49.0,74.0,83.0,82.0,47.0,67.0,63.0,97.0,19.0,31.0,42.0,39.0,117.0,71.0,24.0,70.0,36.0,34.0,6.0,62.0,92.0,85.0,120.0,94.0,27.0,40.0,53.0,56.0,49.0,35.0,44.0,78.0,15.0,8.0,37.0,28.0,111.0,96.0,10.0,134.0,108.0,79.0,7.0,196.0,145.0,131.0,93.0,140.0,79.0,57.0,36.0,105.0,62.0,51.0,34.0,78.0,19.0,21.0,34.0,67.0,all
AOCS-080-1-9,136.0,125.0,26.0,108.0,89.0,35.0,26.0,89.0,178.0,70.0,281.0,117.0,61.0,59.0,56.0,104.0,150.0,55.0,93.0,164.0,38.0,12.0,38.0,30.0,98.0,84.0,21.0,81.0,45.0,45.0,14.0,104.0,108.0,103.0,187.0,146.0,33.0,62.0,61.0,83.0,51.0,32.0,45.0,64.0,16.0,24.0,36.0,35.0,67.0,60.0,18.0,55.0,34.0,31.0,8.0,60.0,101.0,96.0,179.0,128.0,27.0,32.0,26.0,41.0,62.0,33.0,41.0,89.0,14.0,13.0,41.0,29.0,87.0,81.0,19.0,121.0,100.0,56.0,11.0,177.0,142.0,146.0,142.0,129.0,75.0,38.0,34.0,103.0,61.0,60.0,30.0,103.0,35.0,30.0,55.0,98.0,all
AOCS-081-1-1,128.0,94.0,8.0,95.0,104.0,62.0,20.0,86.0,118.0,80.0,313.0,124.0,51.0,38.0,49.0,101.0,173.0,74.0,124.0,156.0,40.0,17.0,35.0,46.0,88.0,65.0,15.0,91.0,59.0,63.0,25.0,90.0,104.0,72.0,171.0,113.0,33.0,42.0,45.0,72.0,49.0,60.0,55.0,68.0,15.0,21.0,44.0,51.0,53.0,51.0,8.0,47.0,44.0,31.0,10.0,61.0,88.0,57.0,220.0,72.0,29.0,26.0,27.0,45.0,75.0,46.0,49.0,98.0,22.0,11.0,43.0,45.0,94.0,70.0,12.0,93.0,97.0,61.0,21.0,166.0,100.0,90.0,124.0,75.0,75.0,41.0,25.0,90.0,74.0,69.0,48.0,120.0,38.0,24.0,54.0,92.0,all
AOCS-083-1-7,138.0,112.0,22.0,96.0,83.0,34.0,38.0,86.0,139.0,67.0,219.0,123.0,63.0,42.0,55.0,100.0,133.0,65.0,96.0,147.0,33.0,12.0,37.0,36.0,82.0,62.0,10.0,89.0,48.0,46.0,21.0,61.0,106.0,81.0,160.0,132.0,36.0,34.0,58.0,72.0,57.0,69.0,60.0,70.0,24.0,16.0,55.0,44.0,67.0,55.0,10.0,47.0,36.0,37.0,18.0,57.0,88.0,63.0,168.0,83.0,21.0,23.0,34.0,35.0,70.0,39.0,48.0,74.0,11.0,11.0,36.0,37.0,84.0,66.0,12.0,95.0,101.0,55.0,20.0,173.0,94.0,89.0,109.0,129.0,92.0,33.0,36.0,111.0,81.0,81.0,49.0,119.0,39.0,24.0,57.0,80.0,all
AOCS-084-1-X,102.0,76.0,12.0,67.0,73.0,42.0,32.0,64.0,111.0,54.0,176.0,82.0,47.0,37.0,31.0,68.0,135.0,52.0,98.0,112.0,18.0,15.0,27.0,20.0,68.0,53.0,16.0,50.0,37.0,27.0,25.0,54.0,84.0,55.0,160.0,88.0,24.0,24.0,37.0,46.0,47.0,45.0,48.0,62.0,25.0,26.0,27.0,29.0,50.0,30.0,9.0,40.0,31.0,19.0,10.0,37.0,55.0,72.0,140.0,78.0,29.0,15.0,17.0,32.0,45.0,33.0,50.0,45.0,16.0,9.0,29.0,26.0,70.0,61.0,9.0,80.0,83.0,50.0,16.0,124.0,87.0,82.0,82.0,93.0,54.0,25.0,20.0,73.0,81.0,58.0,39.0,72.0,35.0,27.0,25.0,63.0,all
AOCS-085-1-2,46.0,31.0,2.0,37.0,16.0,6.0,4.0,18.0,40.0,27.0,75.0,34.0,16.0,9.0,22.0,23.0,54.0,17.0,25.0,38.0,11.0,6.0,10.0,13.0,37.0,21.0,5.0,35.0,16.0,10.0,3.0,16.0,34.0,32.0,55.0,50.0,12.0,15.0,18.0,18.0,20.0,17.0,25.0,26.0,12.0,0.0,10.0,11.0,24.0,18.0,1.0,23.0,8.0,7.0,3.0,13.0,35.0,30.0,73.0,33.0,8.0,7.0,17.0,9.0,25.0,11.0,22.0,19.0,3.0,2.0,5.0,5.0,28.0,34.0,6.0,57.0,31.0,14.0,3.0,51.0,54.0,45.0,33.0,55.0,32.0,8.0,13.0,29.0,17.0,17.0,13.0,43.0,14.0,4.0,14.0,34.0,all
AOCS-086-1-5,262.0,246.0,21.0,205.0,184.0,100.0,49.0,194.0,239.0,142.0,275.0,211.0,103.0,74.0,116.0,147.0,238.0,109.0,160.0,232.0,54.0,27.0,95.0,63.0,211.0,185.0,30.0,230.0,128.0,132.0,35.0,193.0,231.0,472.0,148.0,465.0,171.0,169.0,214.0,285.0,112.0,152.0,126.0,202.0,43.0,43.0,82.0,105.0,193.0,210.0,32.0,145.0,91.0,176.0,30.0,199.0,212.0,210.0,203.0,217.0,59.0,65.0,66.0,95.0,103.0,99.0,95.0,110.0,52.0,40.0,406.0,78.0,175.0,170.0,30.0,243.0,259.0,177.0,26.0,428.0,253.0,215.0,119.0,256.0,127.0,81.0,65.0,169.0,118.0,121.0,75.0,183.0,82.0,31.0,101.0,152.0,all
AOCS-086-3-2,262.0,246.0,21.0,205.0,184.0,100.0,49.0,194.0,239.0,142.0,275.0,211.0,103.0,74.0,116.0,147.0,238.0,109.0,160.0,232.0,54.0,27.0,95.0,63.0,211.0,185.0,30.0,230.0,128.0,132.0,35.0,193.0,231.0,472.0,148.0,465.0,171.0,169.0,214.0,285.0,112.0,152.0,126.0,202.0,43.0,43.0,82.0,105.0,193.0,210.0,32.0,145.0,91.0,176.0,30.0,199.0,212.0,210.0,203.0,217.0,59.0,65.0,66.0,95.0,103.0,99.0,95.0,110.0,52.0,40.0,406.0,78.0,175.0,170.0,30.0,243.0,259.0,177.0,26.0,428.0,253.0,215.0,119.0,256.0,127.0,81.0,65.0,169.0,118.0,121.0,75.0,183.0,82.0,31.0,101.0,152.0,all
AOCS-088-1-0,393.0,414.0,44.0,376.0,252.0,120.0,42.0,197.0,368.0,182.0,230.0,371.0,146.0,128.0,157.0,239.0,240.0,123.0,161.0,255.0,77.0,35.0,116.0,84.0,327.0,329.0,47.0,338.0,150.0,129.0,34.0,182.0,229.0,222.0,136.0,393.0,174.0,245.0,232.0,383.0,116.0,223.0,109.0,151.0,44.0,65.0,132.0,105.0,230.0,209.0,31.0,254.0,105.0,112.0,24.0,147.0,223.0,158.0,179.0,241.0,103.0,132.0,133.0,222.0,101.0,93.0,92.0,133.0,65.0,29.0,155.0,100.0,355.0,281.0,37.0,452.0,441.0,252.0,43.0,725.0,526.0,312.0,118.0,486.0,172.0,164.0,104.0,369.0,150.0,193.0,85.0,167.0,70.0,76.0,148.0,177.0,all
AOCS-088-3-8,393.0,414.0,44.0,376.0,252.0,120.0,42.0,197.0,368.0,182.0,230.0,371.0,146.0,128.0,157.0,239.0,240.0,123.0,161.0,255.0,77.0,35.0,116.0,84.0,327.0,329.0,47.0,338.0,150.0,129.0,34.0,182.0,229.0,222.0,136.0,393.0,174.0,245.0,232.0,383.0,116.0,223.0,109.0,151.0,44.0,65.0,132.0,105.0,230.0,209.0,31.0,254.0,105.0,112.0,24.0,147.0,223.0,158.0,179.0,241.0,103.0,132.0,133.0,222.0,101.0,93.0,92.0,133.0,65.0,29.0,155.0,100.0,355.0,281.0,37.0,452.0,441.0,252.0,43.0,725.0,526.0,312.0,118.0,486.0,172.0,164.0,104.0,369.0,150.0,193.0,85.0,167.0,70.0,76.0,148.0,177.0,all
AOCS-090-1-0,233.0,218.0,56.0,211.0,190.0,93.0,112.0,191.0,266.0,100.0,273.0,286.0,107.0,81.0,99.0,192.0,256.0,133.0,150.0,232.0,70.0,30.0,108.0,85.0,169.0,137.0,24.0,205.0,88.0,106.0,77.0,158.0,119.0,113.0,186.0,229.0,86.0,116.0,107.0,135.0,82.0,144.0,89.0,147.0,48.0,57.0,102.0,70.0,94.0,100.0,24.0,105.0,79.0,62.0,51.0,109.0,112.0,103.0,195.0,138.0,63.0,57.0,59.0,116.0,88.0,67.0,73.0,113.0,33.0,34.0,217.0,77.0,140.0,160.0,15.0,198.0,177.0,102.0,59.0,291.0,134.0,115.0,127.0,207.0,154.0,114.0,56.0,228.0,114.0,151.0,65.0,178.0,71.0,49.0,106.0,155.0,all
AOCS-091-1-3,414.0,405.0,38.0,334.0,389.0,174.0,52.0,317.0,437.0,184.0,293.0,322.0,168.0,155.0,183.0,275.0,354.0,164.0,247.0,330.0,93.0,42.0,139.0,95.0,377.0,357.0,44.0,365.0,201.0,148.0,42.0,282.0,231.0,294.0,236.0,416.0,234.0,270.0,325.0,478.0,155.0,208.0,163.0,283.0,66.0,80.0,161.0,118.0,251.0,302.0,43.0,236.0,160.0,186.0,29.0,277.0,352.0,249.0,250.0,265.0,115.0,132.0,159.0,212.0,159.0,158.0,139.0,217.0,82.0,67.0,323.0,118.0,276.0,277.0,28.0,324.0,298.0,228.0,29.0,467.0,271.0,196.0,154.0,284.0,230.0,167.0,131.0,369.0,241.0,223.0,112.0,263.0,125.0,86.0,139.0,203.0,all
AOCS-091-3-0,414.0,405.0,38.0,334.0,389.0,174.0,52.0,317.0,437.0,184.0,293.0,322.0,168.0,155.0,183.0,275.0,354.0,164.0,247.0,330.0,93.0,42.0,139.0,95.0,377.0,357.0,44.0,365.0,201.0,148.0,42.0,282.0,231.0,294.0,236.0,416.0,234.0,270.0,325.0,478.0,155.0,208.0,163.0,283.0,66.0,80.0,161.0,118.0,251.0,302.0,43.0,236.0,160.0,186.0,29.0,277.0,352.0,249.0,250.0,265.0,115.0,132.0,159.0,212.0,159.0,158.0,139.0,217.0,82.0,67.0,323.0,118.0,276.0,277.0,28.0,324.0,298.0,228.0,29.0,467.0,271.0,196.0,154.0,284.0,230.0,167.0,131.0,369.0,241.0,223.0,112.0,263.0,125.0,86.0,139.0,203.0,all
AOCS-092-1-6,287.0,338.0,29.0,227.0,153.0,75.0,35.0,145.0,247.0,131.0,354.0,185.0,118.0,127.0,117.0,158.0,263.0,110.0,180.0,266.0,60.0,27.0,73.0,87.0,259.0,195.0,44.0,328.0,79.0,82.0,37.0,151.0,296.0,704.0,246.0,707.0,377.0,251.0,360.0,483.0,121.0,124.0,135.0,205.0,42.0,52.0,77.0,91.0,186.0,251.0,32.0,154.0,75.0,167.0,16.0,127.0,217.0,233.0,272.0,162.0,61.0,68.0,66.0,91.0,99.0,116.0,86.0,131.0,68.0,64.0,506.0,78.0,185.0,182.0,23.0,296.0,158.0,144.0,31.0,352.0,266.0,235.0,178.0,319.0,138.0,81.0,66.0,213.0,120.0,137.0,92.0,191.0,45.0,45.0,95.0,154.0,all
AOCS-092-3-3,287.0,338.0,29.0,227.0,153.0,75.0,35.0,145.0,247.0,131.0,354.0,185.0,118.0,127.0,117.0,158.0,263.0,110.0,180.0,266.0,60.0,27.0,73.0,87.0,259.0,195.0,44.0,328.0,79.0,82.0,37.0,151.0,296.0,704.0,246.0,707.0,377.0,251.0,360.0,483.0,121.0,124.0,135.0,205.0,42.0,52.0,77.0,91.0,186.0,251.0,32.0,154.0,75.0,167.0,16.0,127.0,217.0,233.0,272.0,162.0,61.0,68.0,66.0,91.0,99.0,116.0,86.0,131.0,68.0,64.0,506.0,78.0,185.0,182.0,23.0,296.0,158.0,144.0,31.0,352.0,266.0,235.0,178.0,319.0,138.0,81.0,66.0,213.0,120.0,137.0,92.0,191.0,45.0,45.0,95.0,154.0,all
AOCS-093-1-9,313.0,252.0,28.0,236.0,184.0,96.0,47.0,171.0,259.0,127.0,234.0,229.0,111.0,71.0,154.0,147.0,268.0,146.0,198.0,260.0,61.0,26.0,100.0,77.0,238.0,230.0,25.0,252.0,136.0,126.0,43.0,211.0,185.0,259.0,136.0,291.0,158.0,181.0,193.0,250.0,116.0,150.0,140.0,181.0,47.0,65.0,111.0,93.0,163.0,185.0,31.0,149.0,80.0,118.0,26.0,152.0,176.0,156.0,171.0,169.0,83.0,78.0,110.0,129.0,106.0,102.0,111.0,144.0,92.0,94.0,872.0,150.0,228.0,175.0,29.0,255.0,307.0,218.0,33.0,456.0,327.0,198.0,111.0,278.0,125.0,81.0,84.0,227.0,155.0,150.0,78.0,212.0,66.0,75.0,104.0,175.0,all
AOCS-093-3-6,313.0,252.0,28.0,236.0,184.0,96.0,47.0,171.0,259.0,127.0,234.0,229.0,111.0,71.0,154.0,147.0,268.0,146.0,198.0,260.0,61.0,26.0,100.0,77.0,238.0,230.0,25.0,252.0,136.0,126.0,43.0,211.0,185.0,259.0,136.0,291.0,158.0,181.0,193.0,250.0,116.0,150.0,140.0,181.0,47.0,65.0,111.0,93.0,163.0,185.0,31.0,149.0,80.0,118.0,26.0,152.0,176.0,156.0,171.0,169.0,83.0,78.0,110.0,129.0,106.0,102.0,111.0,144.0,92.0,94.0,872.0,150.0,228.0,175.0,29.0,255.0,307.0,218.0,33.0,456.0,327.0,198.0,111.0,278.0,125.0,81.0,84.0,227.0,155.0,150.0,78.0,212.0,66.0,75.0,104.0,175.0,all
AOCS-093-8-4,313.0,252.0,28.0,236.0,184.0,96.0,47.0,171.0,259.0,127.0,234.0,229.0,111.0,71.0,154.0,147.0,268.0,146.0,198.0,260.0,61.0,26.0,100.0,77.0,238.0,230.0,25.0,252.0,136.0,126.0,43.0,211.0,185.0,259.0,136.0,291.0,158.0,181.0,193.0,250.0,116.0,150.0,140.0,181.0,47.0,65.0,111.0,93.0,163.0,185.0,31.0,149.0,80.0,118.0,26.0,152.0,176.0,156.0,171.0,169.0,83.0,78.0,110.0,129.0,106.0,102.0,111.0,144.0,92.0,94.0,872.0,150.0,228.0,175.0,29.0,255.0,307.0,218.0,33.0,456.0,327.0,198.0,111.0,278.0,125.0,81.0,84.0,227.0,155.0,150.0,78.0,212.0,66.0,75.0,104.0,175.0,all
AOCS-094-1-1,390.0,362.0,54.0,384.0,377.0,244.0,93.0,417.0,423.0,218.0,322.0,432.0,191.0,148.0,177.0,289.0,407.0,248.0,296.0,411.0,166.0,54.0,171.0,149.0,376.0,353.0,52.0,353.0,252.0,225.0,89.0,366.0,286.0,288.0,222.0,487.0,181.0,238.0,244.0,325.0,209.0,425.0,269.0,293.0,82.0,127.0,220.0,162.0,211.0,218.0,39.0,234.0,184.0,163.0,46.0,265.0,295.0,209.0,214.0,296.0,119.0,92.0,125.0,190.0,253.0,195.0,212.0,256.0,78.0,47.0,239.0,157.0,353.0,269.0,37.0,392.0,592.0,364.0,60.0,912.0,359.0,267.0,162.0,388.0,273.0,189.0,140.0,392.0,349.0,428.0,221.0,398.0,203.0,117.0,233.0,327.0,all
AOCS-094-6-X,390.0,362.0,54.0,384.0,377.0,244.0,93.0,417.0,423.0,218.0,322.0,432.0,191.0,148.0,177.0,289.0,407.0,248.0,296.0,411.0,166.0,54.0,171.0,149.0,376.0,353.0,52.0,353.0,252.0,225.0,89.0,366.0,286.0,288.0,222.0,487.0,181.0,238.0,244.0,325.0,209.0,425.0,269.0,293.0,82.0,127.0,220.0,162.0,211.0,218.0,39.0,234.0,184.0,163.0,46.0,265.0,295.0,209.0,214.0,296.0,119.0,92.0,125.0,190.0,253.0,195.0,212.0,256.0,78.0,47.0,239.0,157.0,353.0,269.0,37.0,392.0,592.0,364.0,60.0,912.0,359.0,267.0,162.0,388.0,273.0,189.0,140.0,392.0,349.0,428.0,221.0,398.0,203.0,117.0,233.0,327.0,all
AOCS-095-1-4,301.0,308.0,30.0,237.0,190.0,83.0,37.0,175.0,300.0,138.0,232.0,199.0,119.0,91.0,131.0,149.0,239.0,78.0,147.0,175.0,63.0,22.0,80.0,57.0,261.0,233.0,30.0,210.0,103.0,103.0,33.0,177.0,179.0,306.0,181.0,334.0,180.0,214.0,250.0,284.0,100.0,111.0,95.0,148.0,43.0,45.0,92.0,72.0,161.0,196.0,23.0,173.0,91.0,95.0,10.0,120.0,179.0,177.0,175.0,167.0,94.0,71.0,100.0,121.0,101.0,86.0,70.0,111.0,40.0,46.0,187.0,61.0,182.0,205.0,22.0,250.0,179.0,147.0,30.0,359.0,206.0,190.0,97.0,238.0,121.0,134.0,82.0,214.0,109.0,100.0,61.0,133.0,65.0,47.0,89.0,102.0,all
AOCS-095-3-1,301.0,308.0,30.0,237.0,190.0,83.0,37.0,175.0,300.0,138.0,232.0,199.0,119.0,91.0,131.0,149.0,239.0,78.0,147.0,175.0,63.0,22.0,80.0,57.0,261.0,233.0,30.0,210.0,103.0,103.0,33.0,177.0,179.0,306.0,181.0,334.0,180.0,214.0,250.0,284.0,100.0,111.0,95.0,148.0,43.0,45.0,92.0,72.0,161.0,196.0,23.0,173.0,91.0,95.0,10.0,120.0,179.0,177.0,175.0,167.0,94.0,71.0,100.0,121.0,101.0,86.0,70.0,111.0,40.0,46.0,187.0,61.0,182.0,205.0,22.0,250.0,179.0,147.0,30.0,359.0,206.0,190.0,97.0,238.0,121.0,134.0,82.0,214.0,109.0,100.0,61.0,133.0,65.0,47.0,89.0,102.0,all
AOCS-096-1-7,185.0,137.0,16.0,132.0,80.0,51.0,17.0,73.0,182.0,78.0,222.0,140.0,72.0,46.0,72.0,116.0,169.0,74.0,124.0,168.0,30.0,10.0,52.0,56.0,100.0,79.0,11.0,106.0,44.0,39.0,11.0,75.0,102.0,96.0,130.0,141.0,49.0,60.0,75.0,118.0,65.0,90.0,58.0,103.0,16.0,28.0,33.0,61.0,80.0,71.0,8.0,91.0,31.0,38.0,6.0,42.0,106.0,93.0,157.0,114.0,43.0,37.0,40.0,58.0,76.0,63.0,60.0,90.0,20.0,11.0,40.0,45.0,122.0,89.0,13.0,159.0,84.0,64.0,14.0,130.0,136.0,125.0,88.0,144.0,121.0,59.0,32.0,130.0,94.0,110.0,46.0,152.0,51.0,36.0,59.0,105.0,all
AOCS-097-1-X,35.0,43.0,8.0,30.0,10.0,6.0,3.0,18.0,42.0,23.0,110.0,38.0,13.0,7.0,21.0,24.0,53.0,13.0,31.0,50.0,8.0,3.0,6.0,6.0,19.0,25.0,4.0,28.0,7.0,12.0,4.0,17.0,31.0,30.0,68.0,41.0,8.0,11.0,16.0,14.0,11.0,13.0,16.0,12.0,6.0,7.0,5.0,11.0,18.0,8.0,4.0,16.0,10.0,7.0,0.0,9.0,21.0,31.0,56.0,22.0,5.0,6.0,11.0,11.0,20.0,8.0,13.0,24.0,3.0,3.0,9.0,4.0,19.0,24.0,6.0,26.0,18.0,9.0,4.0,29.0,46.0,51.0,53.0,54.0,12.0,11.0,6.0,29.0,16.0,11.0,12.0,28.0,8.0,10.0,5.0,15.0,all
AOCS-104-1-6,125.0,116.0,19.0,96.0,80.0,41.0,17.0,86.0,132.0,62.0,123.0,89.0,57.0,33.0,64.0,70.0,131.0,50.0,93.0,143.0,29.0,13.0,36.0,25.0,107.0,101.0,11.0,83.0,57.0,59.0,15.0,92.0,88.0,73.0,71.0,125.0,38.0,55.0,70.0,86.0,48.0,59.0,41.0,79.0,21.0,26.0,37.0,32.0,49.0,77.0,13.0,68.0,56.0,41.0,12.0,54.0,75.0,79.0,90.0,80.0,35.0,34.0,60.0,64.0,75.0,24.0,47.0,76.0,13.0,10.0,36.0,19.0,82.0,87.0,11.0,104.0,106.0,67.0,11.0,184.0,115.0,101.0,57.0,119.0,57.0,51.0,34.0,90.0,60.0,44.0,32.0,75.0,26.0,7.0,35.0,46.0,all
AOCS-105-1-9,176.0,150.0,27.0,139.0,98.0,70.0,18.0,91.0,160.0,83.0,169.0,123.0,64.0,50.0,82.0,83.0,149.0,53.0,109.0,118.0,20.0,16.0,42.0,38.0,129.0,128.0,11.0,107.0,66.0,76.0,12.0,77.0,97.0,103.0,100.0,150.0,69.0,76.0,97.0,111.0,57.0,84.0,48.0,77.0,24.0,23.0,53.0,43.0,70.0,71.0,11.0,73.0,47.0,40.0,9.0,54.0,110.0,96.0,116.0,109.0,39.0,34.0,58.0,73.0,49.0,41.0,60.0,74.0,20.0,14.0,44.0,47.0,89.0,119.0,13.0,132.0,102.0,93.0,15.0,179.0,107.0,126.0,76.0,117.0,67.0,60.0,46.0,113.0,75.0,60.0,36.0,93.0,39.0,26.0,32.0,82.0,all
AOCS-106-1-1,357.0,261.0,39.0,204.0,230.0,100.0,36.0,200.0,248.0,129.0,301.0,209.0,103.0,99.0,151.0,162.0,248.0,121.0,197.0,306.0,63.0,27.0,81.0,62.0,258.0,254.0,29.0,203.0,143.0,125.0,33.0,202.0,184.0,126.0,184.0,247.0,98.0,160.0,156.0,174.0,90.0,138.0,97.0,144.0,45.0,54.0,89.0,76.0,160.0,165.0,32.0,132.0,97.0,88.0,16.0,162.0,197.0,151.0,214.0,146.0,78.0,91.0,93.0,153.0,120.0,79.0,106.0,136.0,46.0,21.0,83.0,56.0,175.0,187.0,27.0,240.0,183.0,162.0,24.0,272.0,179.0,181.0,116.0,176.0,119.0,95.0,72.0,205.0,134.0,111.0,74.0,177.0,69.0,48.0,60.0,168.0,all
AOCS-107-1-4,107.0,115.0,20.0,118.0,96.0,51.0,11.0,73.0,120.0,54.0,110.0,104.0,49.0,44.0,71.0,84.0,117.0,69.0,103.0,141.0,26.0,18.0,42.0,24.0,124.0,113.0,19.0,130.0,61.0,55.0,23.0,83.0,74.0,68.0,70.0,106.0,63.0,97.0,79.0,100.0,61.0,97.0,47.0,74.0,19.0,22.0,52.0,34.0,50.0,52.0,14.0,63.0,63.0,36.0,6.0,53.0,64.0,71.0,63.0,85.0,36.0,30.0,59.0,83.0,78.0,48.0,56.0,108.0,18.0,10.0,49.0,25.0,80.0,94.0,10.0,95.0,103.0,98.0,12.0,171.0,98.0,91.0,53.0,112.0,71.0,61.0,35.0,90.0,72.0,65.0,30.0,100.0,28.0,17.0,35.0,71.0,all
AOCS-108-1-7,268.0,238.0,32.0,206.0,223.0,103.0,30.0,216.0,268.0,154.0,278.0,244.0,136.0,88.0,130.0,167.0,265.0,108.0,173.0,289.0,78.0,35.0,104.0,82.0,215.0,181.0,27.0,187.0,151.0,121.0,29.0,215.0,178.0,166.0,183.0,243.0,93.0,129.0,148.0,167.0,123.0,134.0,127.0,154.0,53.0,66.0,107.0,97.0,132.0,150.0,26.0,112.0,109.0,70.0,11.0,126.0,199.0,140.0,209.0,184.0,83.0,77.0,88.0,96.0,114.0,59.0,96.0,142.0,44.0,29.0,112.0,75.0,193.0,183.0,21.0,223.0,269.0,200.0,17.0,431.0,246.0,224.0,123.0,220.0,136.0,100.0,73.0,188.0,154.0,132.0,95.0,202.0,87.0,73.0,98.0,172.0,all
AOCS-109-1-X,101.0,103.0,16.0,73.0,42.0,23.0,22.0,55.0,122.0,57.0,319.0,92.0,39.0,43.0,55.0,93.0,119.0,32.0,98.0,120.0,22.0,10.0,33.0,30.0,66.0,60.0,11.0,55.0,29.0,15.0,18.0,45.0,89.0,85.0,204.0,98.0,20.0,30.0,31.0,63.0,31.0,52.0,26.0,56.0,10.0,14.0,17.0,30.0,50.0,47.0,11.0,40.0,21.0,20.0,5.0,17.0,80.0,82.0,250.0,76.0,22.0,21.0,21.0,50.0,55.0,44.0,30.0,59.0,8.0,10.0,23.0,18.0,73.0,83.0,17.0,89.0,83.0,45.0,13.0,120.0,124.0,112.0,142.0,160.0,72.0,35.0,19.0,89.0,50.0,58.0,27.0,83.0,26.0,19.0,25.0,53.0,all
AOCS-111-1-X,111.0,81.0,19.0,73.0,61.0,24.0,13.0,57.0,127.0,46.0,255.0,75.0,37.0,29.0,33.0,66.0,119.0,33.0,53.0,108.0,15.0,8.0,42.0,31.0,64.0,55.0,8.0,48.0,22.0,30.0,10.0,32.0,73.0,51.0,165.0,91.0,25.0,38.0,34.0,42.0,40.0,50.0,37.0,37.0,7.0,18.0,21.0,26.0,46.0,40.0,10.0,36.0,19.0,12.0,3.0,29.0,43.0,61.0,213.0,72.0,19.0,16.0,20.0,34.0,38.0,23.0,24.0,64.0,8.0,6.0,12.0,14.0,62.0,48.0,10.0,88.0,40.0,31.0,7.0,82.0,78.0,65.0,103.0,74.0,48.0,21.0,20.0,74.0,58.0,45.0,23.0,57.0,20.0,15.0,30.0,49.0,all
AOCS-112-1-2,291.0,207.0,30.0,226.0,160.0,80.0,24.0,158.0,251.0,127.0,356.0,264.0,124.0,66.0,119.0,161.0,185.0,97.0,129.0,216.0,50.0,12.0,77.0,49.0,180.0,168.0,17.0,170.0,88.0,79.0,15.0,129.0,156.0,140.0,207.0,213.0,83.0,97.0,115.0,156.0,83.0,118.0,77.0,100.0,28.0,33.0,54.0,64.0,122.0,100.0,23.0,125.0,58.0,50.0,6.0,97.0,156.0,162.0,201.0,147.0,62.0,37.0,64.0,93.0,87.0,62.0,71.0,97.0,17.0,11.0,51.0,43.0,211.0,171.0,28.0,219.0,131.0,114.0,17.0,312.0,189.0,190.0,164.0,197.0,118.0,81.0,59.0,212.0,124.0,106.0,59.0,138.0,51.0,37.0,95.0,121.0,all
AOCS-113-1-5,310.0,223.0,34.0,203.0,137.0,70.0,27.0,154.0,282.0,104.0,433.0,202.0,110.0,74.0,112.0,171.0,244.0,91.0,182.0,298.0,51.0,23.0,57.0,53.0,196.0,145.0,25.0,153.0,86.0,87.0,25.0,137.0,119.0,126.0,265.0,181.0,70.0,90.0,94.0,137.0,77.0,114.0,80.0,100.0,23.0,28.0,60.0,51.0,118.0,105.0,17.0,90.0,47.0,50.0,5.0,65.0,130.0,114.0,317.0,140.0,41.0,44.0,60.0,121.0,117.0,67.0,94.0,159.0,15.0,7.0,47.0,38.0,167.0,189.0,26.0,183.0,183.0,102.0,17.0,308.0,172.0,175.0,174.0,222.0,105.0,92.0,64.0,207.0,129.0,88.0,53.0,155.0,38.0,33.0,50.0,98.0,all
AOCS-114-1-8,158.0,131.0,20.0,155.0,97.0,53.0,12.0,101.0,126.0,72.0,188.0,120.0,60.0,57.0,63.0,100.0,129.0,61.0,85.0,128.0,38.0,11.0,40.0,33.0,134.0,165.0,14.0,138.0,58.0,56.0,9.0,86.0,85.0,78.0,96.0,132.0,60.0,83.0,104.0,136.0,47.0,70.0,65.0,49.0,16.0,23.0,41.0,45.0,76.0,76.0,13.0,83.0,37.0,48.0,3.0,69.0,91.0,88.0,121.0,100.0,41.0,42.0,50.0,77.0,42.0,35.0,36.0,56.0,20.0,14.0,46.0,34.0,110.0,106.0,9.0,132.0,116.0,94.0,10.0,212.0,104.0,109.0,71.0,97.0,67.0,66.0,37.0,126.0,76.0,66.0,33.0,85.0,36.0,34.0,47.0,79.0,all
AOCS-115-1-0,92.0,96.0,13.0,84.0,77.0,34.0,26.0,67.0,103.0,63.0,201.0,110.0,52.0,31.0,40.0,64.0,123.0,35.0,69.0,105.0,25.0,10.0,29.0,27.0,74.0,76.0,14.0,82.0,36.0,35.0,17.0,39.0,72.0,55.0,120.0,99.0,35.0,54.0,37.0,65.0,27.0,45.0,34.0,38.0,14.0,22.0,26.0,26.0,58.0,38.0,5.0,61.0,15.0,29.0,5.0,39.0,76.0,57.0,126.0,52.0,25.0,15.0,31.0,32.0,38.0,25.0,28.0,60.0,14.0,5.0,14.0,25.0,71.0,58.0,6.0,102.0,51.0,48.0,11.0,81.0,73.0,77.0,72.0,72.0,60.0,33.0,32.0,84.0,42.0,52.0,29.0,60.0,25.0,14.0,37.0,72.0,all
AOCS-116-1-3,280.0,210.0,47.0,188.0,198.0,100.0,86.0,178.0,212.0,101.0,426.0,226.0,128.0,82.0,106.0,160.0,278.0,123.0,228.0,322.0,63.0,24.0,84.0,74.0,183.0,151.0,32.0,208.0,124.0,106.0,49.0,180.0,158.0,147.0,255.0,219.0,99.0,111.0,112.0,136.0,133.0,140.0,140.0,160.0,31.0,46.0,106.0,89.0,177.0,115.0,28.0,116.0,66.0,73.0,30.0,97.0,148.0,123.0,323.0,160.0,65.0,61.0,68.0,115.0,132.0,65.0,126.0,153.0,53.0,21.0,66.0,73.0,168.0,193.0,25.0,297.0,198.0,147.0,46.0,340.0,193.0,160.0,165.0,209.0,152.0,106.0,81.0,163.0,170.0,146.0,88.0,246.0,71.0,57.0,116.0,170.0,all
AOCS-117-3-3,281.0,314.0,24.0,247.0,108.0,57.0,27.0,119.0,248.0,97.0,255.0,212.0,111.0,91.0,97.0,176.0,194.0,80.0,103.0,198.0,33.0,23.0,92.0,56.0,204.0,176.0,30.0,209.0,67.0,73.0,25.0,106.0,138.0,195.0,159.0,257.0,154.0,127.0,167.0,277.0,86.0,113.0,87.0,106.0,35.0,30.0,61.0,91.0,217.0,209.0,18.0,148.0,44.0,95.0,20.0,110.0,175.0,131.0,184.0,166.0,54.0,56.0,75.0,116.0,70.0,86.0,45.0,95.0,27.0,43.0,57.0,45.0,196.0,166.0,17.0,273.0,301.0,126.0,22.0,469.0,498.0,214.0,138.0,385.0,118.0,80.0,57.0,204.0,94.0,87.0,38.0,112.0,45.0,34.0,69.0,113.0,all
AOCS-119-3-9,278.0,280.0,37.0,306.0,127.0,64.0,33.0,154.0,258.0,111.0,179.0,239.0,108.0,93.0,123.0,178.0,143.0,76.0,109.0,188.0,34.0,19.0,61.0,59.0,272.0,233.0,38.0,320.0,80.0,58.0,19.0,116.0,145.0,158.0,130.0,291.0,101.0,162.0,157.0,251.0,78.0,95.0,61.0,116.0,25.0,34.0,80.0,65.0,217.0,227.0,23.0,173.0,59.0,65.0,10.0,111.0,177.0,131.0,118.0,183.0,74.0,74.0,77.0,154.0,60.0,54.0,44.0,73.0,29.0,18.0,58.0,52.0,234.0,174.0,23.0,281.0,158.0,80.0,16.0,277.0,202.0,162.0,86.0,217.0,119.0,114.0,88.0,212.0,89.0,87.0,56.0,105.0,45.0,32.0,77.0,93.0,all
AOCS-120-3-6,360.0,281.0,53.0,278.0,304.0,172.0,56.0,292.0,328.0,171.0,263.0,299.0,138.0,117.0,147.0,182.0,341.0,164.0,232.0,351.0,91.0,57.0,136.0,104.0,337.0,274.0,43.0,308.0,203.0,172.0,52.0,266.0,246.0,351.0,185.0,359.0,169.0,232.0,240.0,254.0,169.0,260.0,178.0,227.0,73.0,102.0,171.0,124.0,166.0,186.0,26.0,195.0,141.0,186.0,38.0,237.0,238.0,181.0,200.0,203.0,80.0,107.0,146.0,158.0,165.0,120.0,146.0,190.0,70.0,58.0,142.0,104.0,221.0,250.0,20.0,293.0,348.0,251.0,41.0,502.0,260.0,225.0,131.0,246.0,194.0,142.0,104.0,292.0,245.0,221.0,134.0,293.0,137.0,90.0,191.0,221.0,all
AOCS-122-1-4,214.0,182.0,25.0,208.0,112.0,74.0,16.0,122.0,209.0,107.0,198.0,190.0,78.0,59.0,108.0,104.0,153.0,79.0,128.0,210.0,43.0,14.0,63.0,42.0,181.0,146.0,18.0,203.0,94.0,84.0,17.0,135.0,159.0,116.0,110.0,201.0,74.0,127.0,94.0,170.0,73.0,107.0,78.0,108.0,25.0,34.0,64.0,56.0,118.0,111.0,19.0,125.0,53.0,78.0,5.0,74.0,138.0,111.0,147.0,121.0,49.0,51.0,70.0,118.0,76.0,47.0,64.0,108.0,25.0,18.0,75.0,38.0,141.0,158.0,15.0,198.0,107.0,110.0,9.0,237.0,176.0,171.0,86.0,229.0,83.0,72.0,72.0,162.0,71.0,87.0,37.0,98.0,44.0,29.0,67.0,97.0,all
AOCS-123-1-7,63.0,46.0,9.0,35.0,27.0,21.0,8.0,33.0,72.0,40.0,167.0,61.0,36.0,18.0,25.0,41.0,53.0,23.0,41.0,57.0,21.0,3.0,15.0,10.0,37.0,35.0,8.0,34.0,9.0,21.0,8.0,20.0,52.0,51.0,90.0,59.0,14.0,31.0,30.0,29.0,21.0,29.0,21.0,39.0,6.0,6.0,12.0,18.0,32.0,29.0,9.0,36.0,11.0,18.0,2.0,13.0,40.0,53.0,110.0,46.0,15.0,15.0,14.0,28.0,16.0,14.0,20.0,30.0,8.0,8.0,31.0,7.0,49.0,40.0,9.0,52.0,31.0,22.0,5.0,71.0,70.0,45.0,76.0,65.0,42.0,14.0,9.0,52.0,19.0,27.0,10.0,47.0,16.0,12.0,21.0,27.0,all
AOCS-124-1-X,86.0,86.0,19.0,74.0,62.0,30.0,24.0,43.0,109.0,66.0,271.0,87.0,35.0,26.0,44.0,63.0,119.0,53.0,58.0,110.0,15.0,6.0,36.0,24.0,62.0,56.0,15.0,63.0,17.0,25.0,24.0,38.0,84.0,67.0,173.0,92.0,27.0,24.0,35.0,52.0,42.0,41.0,35.0,47.0,16.0,17.0,18.0,25.0,37.0,52.0,11.0,56.0,22.0,29.0,9.0,43.0,61.0,79.0,203.0,78.0,22.0,17.0,22.0,23.0,49.0,28.0,37.0,56.0,8.0,6.0,17.0,28.0,70.0,67.0,7.0,99.0,65.0,46.0,17.0,114.0,107.0,71.0,119.0,90.0,50.0,27.0,19.0,64.0,43.0,56.0,33.0,72.0,25.0,24.0,33.0,64.0,all
AOCS-125-1-2,193.0,177.0,26.0,131.0,105.0,65.0,33.0,104.0,175.0,92.0,155.0,147.0,58.0,64.0,72.0,121.0,135.0,85.0,102.0,174.0,29.0,24.0,38.0,30.0,152.0,159.0,30.0,159.0,74.0,78.0,15.0,104.0,88.0,85.0,97.0,167.0,63.0,120.0,122.0,162.0,65.0,101.0,51.0,103.0,22.0,39.0,74.0,55.0,111.0,100.0,22.0,118.0,44.0,44.0,12.0,75.0,102.0,73.0,108.0,113.0,45.0,50.0,79.0,120.0,60.0,64.0,57.0,67.0,25.0,13.0,51.0,39.0,114.0,116.0,12.0,149.0,93.0,80.0,15.0,189.0,113.0,100.0,78.0,123.0,105.0,70.0,55.0,169.0,114.0,98.0,55.0,132.0,44.0,31.0,71.0,100.0,all
AOCS-126-1-5,163.0,113.0,14.0,81.0,103.0,44.0,42.0,84.0,94.0,47.0,111.0,94.0,51.0,39.0,52.0,68.0,128.0,55.0,68.0,139.0,25.0,15.0,51.0,33.0,103.0,72.0,13.0,77.0,59.0,46.0,28.0,87.0,71.0,52.0,68.0,93.0,39.0,49.0,64.0,76.0,49.0,51.0,40.0,62.0,18.0,21.0,42.0,37.0,54.0,68.0,13.0,67.0,37.0,34.0,11.0,65.0,62.0,51.0,88.0,78.0,38.0,34.0,45.0,61.0,44.0,33.0,33.0,70.0,20.0,12.0,43.0,26.0,71.0,83.0,15.0,95.0,105.0,91.0,16.0,180.0,98.0,100.0,44.0,96.0,62.0,44.0,39.0,96.0,78.0,36.0,28.0,74.0,28.0,29.0,36.0,65.0,all
AOCS-128-1-0,166.0,152.0,17.0,128.0,88.0,63.0,21.0,117.0,155.0,70.0,131.0,127.0,67.0,41.0,92.0,81.0,153.0,59.0,82.0,120.0,30.0,13.0,46.0,31.0,170.0,132.0,18.0,128.0,77.0,57.0,14.0,116.0,89.0,77.0,89.0,130.0,58.0,90.0,89.0,124.0,60.0,77.0,75.0,92.0,23.0,28.0,56.0,42.0,78.0,91.0,14.0,93.0,33.0,34.0,10.0,61.0,86.0,87.0,79.0,78.0,47.0,39.0,59.0,85.0,61.0,47.0,44.0,79.0,16.0,15.0,50.0,26.0,129.0,159.0,21.0,168.0,212.0,104.0,10.0,313.0,249.0,122.0,76.0,172.0,91.0,38.0,32.0,112.0,74.0,54.0,39.0,89.0,37.0,28.0,58.0,75.0,all
AOCS-130-1-0,123.0,108.0,28.0,93.0,98.0,51.0,18.0,116.0,126.0,81.0,207.0,120.0,62.0,50.0,56.0,60.0,165.0,48.0,91.0,139.0,34.0,12.0,38.0,27.0,106.0,118.0,12.0,100.0,64.0,48.0,17.0,104.0,88.0,69.0,133.0,113.0,57.0,54.0,67.0,95.0,67.0,54.0,48.0,76.0,24.0,25.0,50.0,42.0,66.0,51.0,14.0,54.0,48.0,42.0,7.0,64.0,95.0,76.0,137.0,87.0,38.0,24.0,49.0,59.0,57.0,31.0,43.0,65.0,15.0,12.0,28.0,26.0,98.0,115.0,13.0,103.0,216.0,97.0,14.0,313.0,158.0,129.0,112.0,142.0,70.0,42.0,35.0,101.0,75.0,52.0,34.0,80.0,37.0,20.0,38.0,59.0,all
AOCS-131-1-3,202.0,139.0,22.0,151.0,118.0,57.0,25.0,127.0,161.0,81.0,139.0,125.0,56.0,46.0,74.0,96.0,146.0,67.0,101.0,119.0,41.0,8.0,36.0,50.0,149.0,121.0,25.0,130.0,74.0,69.0,19.0,130.0,135.0,102.0,88.0,156.0,59.0,86.0,95.0,122.0,56.0,65.0,41.0,65.0,16.0,29.0,47.0,45.0,70.0,85.0,15.0,82.0,53.0,46.0,12.0,72.0,119.0,88.0,107.0,90.0,38.0,32.0,55.0,76.0,51.0,33.0,43.0,63.0,15.0,8.0,34.0,34.0,153.0,147.0,12.0,177.0,316.0,155.0,17.0,472.0,362.0,161.0,77.0,226.0,66.0,50.0,43.0,123.0,54.0,55.0,44.0,77.0,44.0,31.0,44.0,87.0,all
AOCS-132-1-6,62.0,46.0,3.0,48.0,29.0,16.0,4.0,19.0,66.0,49.0,159.0,37.0,19.0,17.0,23.0,35.0,57.0,27.0,36.0,70.0,11.0,5.0,4.0,15.0,33.0,29.0,6.0,35.0,15.0,13.0,8.0,25.0,50.0,54.0,95.0,55.0,9.0,15.0,16.0,21.0,25.0,17.0,23.0,19.0,6.0,7.0,11.0,11.0,26.0,20.0,3.0,28.0,8.0,12.0,2.0,9.0,42.0,36.0,99.0,54.0,7.0,8.0,9.0,14.0,25.0,9.0,14.0,26.0,3.0,3.0,4.0,9.0,40.0,36.0,4.0,56.0,28.0,22.0,4.0,38.0,59.0,54.0,68.0,62.0,24.0,18.0,14.0,38.0,30.0,24.0,19.0,34.0,9.0,7.0,6.0,26.0,all
AOCS-133-1-9,130.0,78.0,12.0,84.0,38.0,20.0,8.0,41.0,158.0,62.0,358.0,102.0,50.0,32.0,37.0,83.0,104.0,46.0,58.0,106.0,23.0,6.0,23.0,23.0,81.0,61.0,18.0,104.0,15.0,20.0,20.0,30.0,104.0,86.0,209.0,131.0,32.0,40.0,30.0,55.0,32.0,41.0,41.0,40.0,5.0,9.0,15.0,19.0,68.0,45.0,13.0,43.0,14.0,18.0,11.0,13.0,81.0,86.0,239.0,89.0,29.0,19.0,27.0,36.0,40.0,32.0,30.0,46.0,12.0,16.0,88.0,20.0,107.0,82.0,20.0,143.0,52.0,38.0,8.0,99.0,163.0,142.0,154.0,167.0,66.0,25.0,26.0,92.0,49.0,41.0,21.0,60.0,14.0,9.0,34.0,55.0,all
AOCS-134-3-9,217.0,206.0,29.0,195.0,157.0,81.0,36.0,158.0,199.0,112.0,230.0,186.0,111.0,67.0,103.0,126.0,209.0,97.0,149.0,205.0,66.0,11.0,70.0,50.0,191.0,211.0,35.0,174.0,93.0,76.0,26.0,156.0,142.0,137.0,134.0,207.0,98.0,130.0,164.0,163.0,101.0,147.0,108.0,119.0,36.0,67.0,90.0,63.0,160.0,145.0,24.0,129.0,63.0,98.0,19.0,140.0,161.0,127.0,162.0,152.0,61.0,60.0,100.0,106.0,119.0,95.0,93.0,120.0,27.0,26.0,73.0,61.0,139.0,154.0,19.0,225.0,204.0,114.0,29.0,308.0,191.0,165.0,104.0,190.0,136.0,94.0,71.0,154.0,130.0,122.0,74.0,147.0,65.0,51.0,99.0,117.0,all
AOCS-135-3-1,444.0,383.0,67.0,385.0,265.0,103.0,85.0,243.0,413.0,179.0,379.0,351.0,176.0,152.0,160.0,280.0,325.0,174.0,229.0,353.0,72.0,21.0,94.0,80.0,347.0,307.0,42.0,406.0,135.0,136.0,70.0,185.0,243.0,254.0,281.0,368.0,180.0,244.0,213.0,333.0,144.0,265.0,152.0,230.0,61.0,75.0,103.0,127.0,266.0,220.0,37.0,269.0,96.0,106.0,29.0,169.0,252.0,245.0,313.0,240.0,91.0,92.0,101.0,200.0,148.0,130.0,139.0,161.0,33.0,30.0,79.0,70.0,307.0,291.0,37.0,456.0,295.0,183.0,27.0,437.0,360.0,265.0,175.0,371.0,205.0,172.0,129.0,365.0,167.0,246.0,110.0,258.0,82.0,49.0,132.0,174.0,all
AOCS-135-8-X,444.0,383.0,67.0,385.0,265.0,103.0,85.0,243.0,413.0,179.0,379.0,351.0,176.0,152.0,160.0,280.0,325.0,174.0,229.0,353.0,72.0,21.0,94.0,80.0,347.0,307.0,42.0,406.0,135.0,136.0,70.0,185.0,243.0,254.0,281.0,368.0,180.0,244.0,213.0,333.0,144.0,265.0,152.0,230.0,61.0,75.0,103.0,127.0,266.0,220.0,37.0,269.0,96.0,106.0,29.0,169.0,252.0,245.0,313.0,240.0,91.0,92.0,101.0,200.0,148.0,130.0,139.0,161.0,33.0,30.0,79.0,70.0,307.0,291.0,37.0,456.0,295.0,183.0,27.0,437.0,360.0,265.0,175.0,371.0,205.0,172.0,129.0,365.0,167.0,246.0,110.0,258.0,82.0,49.0,132.0,174.0,all
AOCS-137-1-X,349.0,319.0,56.0,275.0,242.0,154.0,36.0,243.0,326.0,167.0,314.0,281.0,110.0,114.0,152.0,202.0,350.0,156.0,244.0,334.0,61.0,42.0,135.0,99.0,306.0,250.0,40.0,311.0,155.0,156.0,44.0,232.0,231.0,263.0,174.0,378.0,183.0,219.0,217.0,285.0,153.0,222.0,187.0,220.0,50.0,95.0,131.0,130.0,192.0,191.0,24.0,183.0,105.0,178.0,23.0,180.0,254.0,246.0,204.0,216.0,95.0,82.0,118.0,149.0,183.0,172.0,155.0,155.0,56.0,49.0,156.0,70.0,215.0,262.0,20.0,273.0,323.0,289.0,29.0,555.0,264.0,230.0,129.0,306.0,201.0,172.0,92.0,318.0,243.0,251.0,118.0,268.0,110.0,72.0,146.0,214.0,all
AOCS-137-3-7,349.0,319.0,56.0,275.0,242.0,154.0,36.0,243.0,326.0,167.0,314.0,281.0,110.0,114.0,152.0,202.0,350.0,156.0,244.0,334.0,61.0,42.0,135.0,99.0,306.0,250.0,40.0,311.0,155.0,156.0,44.0,232.0,231.0,263.0,174.0,378.0,183.0,219.0,217.0,285.0,153.0,222.0,187.0,220.0,50.0,95.0,131.0,130.0,192.0,191.0,24.0,183.0,105.0,178.0,23.0,180.0,254.0,246.0,204.0,216.0,95.0,82.0,118.0,149.0,183.0,172.0,155.0,155.0,56.0,49.0,156.0,70.0,215.0,262.0,20.0,273.0,323.0,289.0,29.0,555.0,264.0,230.0,129.0,306.0,201.0,172.0,92.0,318.0,243.0,251.0,118.0,268.0,110.0,72.0,146.0,214.0,all
AOCS-138-3-X,166.0,185.0,27.0,142.0,127.0,52.0,25.0,129.0,145.0,68.0,159.0,118.0,58.0,54.0,82.0,98.0,147.0,65.0,102.0,163.0,62.0,19.0,49.0,51.0,144.0,183.0,30.0,134.0,73.0,58.0,12.0,122.0,122.0,177.0,105.0,217.0,168.0,117.0,193.0,221.0,77.0,77.0,73.0,93.0,26.0,27.0,61.0,51.0,188.0,172.0,12.0,112.0,62.0,160.0,7.0,132.0,183.0,151.0,135.0,132.0,46.0,50.0,58.0,75.0,76.0,61.0,64.0,95.0,21.0,16.0,56.0,37.0,112.0,135.0,14.0,157.0,183.0,115.0,16.0,310.0,164.0,115.0,80.0,156.0,70.0,60.0,39.0,113.0,91.0,77.0,45.0,106.0,63.0,30.0,54.0,90.0,all
AOCS-139-1-5,772.0,679.0,104.0,589.0,494.0,283.0,150.0,482.0,663.0,350.0,571.0,565.0,392.0,255.0,366.0,461.0,599.0,237.0,319.0,519.0,184.0,56.0,217.0,173.0,680.0,573.0,110.0,599.0,287.0,266.0,105.0,417.0,448.0,467.0,376.0,678.0,401.0,428.0,547.0,662.0,301.0,377.0,270.0,372.0,101.0,138.0,239.0,198.0,472.0,540.0,66.0,363.0,222.0,291.0,86.0,440.0,600.0,447.0,398.0,430.0,211.0,198.0,266.0,317.0,240.0,206.0,216.0,263.0,110.0,120.0,729.0,210.0,502.0,492.0,57.0,637.0,502.0,389.0,81.0,903.0,636.0,416.0,271.0,596.0,424.0,321.0,265.0,598.0,376.0,378.0,219.0,412.0,195.0,142.0,294.0,396.0,all
AOCS-139-12-5,772.0,679.0,104.0,589.0,494.0,283.0,150.0,482.0,663.0,350.0,571.0,565.0,392.0,255.0,366.0,461.0,599.0,237.0,319.0,519.0,184.0,56.0,217.0,173.0,680.0,573.0,110.0,599.0,287.0,266.0,105.0,417.0,448.0,467.0,376.0,678.0,401.0,428.0,547.0,662.0,301.0,377.0,270.0,372.0,101.0,138.0,239.0,198.0,472.0,540.0,66.0,363.0,222.0,291.0,86.0,440.0,600.0,447.0,398.0,430.0,211.0,198.0,266.0,317.0,240.0,206.0,216.0,263.0,110.0,120.0,729.0,210.0,502.0,492.0,57.0,637.0,502.0,389.0,81.0,903.0,636.0,416.0,271.0,596.0,424.0,321.0,265.0,598.0,376.0,378.0,219.0,412.0,195.0,142.0,294.0,396.0,all
AOCS-139-19-0,772.0,679.0,104.0,589.0,494.0,283.0,150.0,482.0,663.0,350.0,571.0,565.0,392.0,255.0,366.0,461.0,599.0,237.0,319.0,519.0,184.0,56.0,217.0,173.0,680.0,573.0,110.0,599.0,287.0,266.0,105.0,417.0,448.0,467.0,376.0,678.0,401.0,428.0,547.0,662.0,301.0,377.0,270.0,372.0,101.0,138.0,239.0,198.0,472.0,540.0,66.0,363.0,222.0,291.0,86.0,440.0,600.0,447.0,398.0,430.0,211.0,198.0,266.0,317.0,240.0,206.0,216.0,263.0,110.0,120.0,729.0,210.0,502.0,492.0,57.0,637.0,502.0,389.0,81.0,903.0,636.0,416.0,271.0,596.0,424.0,321.0,265.0,598.0,376.0,378.0,219.0,412.0,195.0,142.0,294.0,396.0,all
AOCS-139-6-3,772.0,679.0,104.0,589.0,494.0,283.0,150.0,482.0,663.0,350.0,571.0,565.0,392.0,255.0,366.0,461.0,599.0,237.0,319.0,519.0,184.0,56.0,217.0,173.0,680.0,573.0,110.0,599.0,287.0,266.0,105.0,417.0,448.0,467.0,376.0,678.0,401.0,428.0,547.0,662.0,301.0,377.0,270.0,372.0,101.0,138.0,239.0,198.0,472.0,540.0,66.0,363.0,222.0,291.0,86.0,440.0,600.0,447.0,398.0,430.0,211.0,198.0,266.0,317.0,240.0,206.0,216.0,263.0,110.0,120.0,729.0,210.0,502.0,492.0,57.0,637.0,502.0,389.0,81.0,903.0,636.0,416.0,271.0,596.0,424.0,321.0,265.0,598.0,376.0,378.0,219.0,412.0,195.0,142.0,294.0,396.0,all
AOCS-141-3-2,175.0,140.0,28.0,113.0,108.0,44.0,26.0,91.0,172.0,71.0,314.0,128.0,96.0,64.0,86.0,116.0,176.0,50.0,81.0,141.0,54.0,15.0,44.0,38.0,103.0,108.0,15.0,107.0,55.0,40.0,24.0,81.0,125.0,160.0,228.0,200.0,103.0,92.0,126.0,149.0,54.0,53.0,41.0,84.0,23.0,21.0,45.0,55.0,156.0,196.0,17.0,93.0,39.0,154.0,9.0,95.0,173.0,121.0,268.0,145.0,30.0,35.0,42.0,50.0,63.0,66.0,42.0,67.0,34.0,44.0,191.0,59.0,214.0,136.0,25.0,229.0,420.0,113.0,28.0,590.0,615.0,201.0,196.0,367.0,112.0,47.0,58.0,149.0,55.0,68.0,37.0,95.0,53.0,30.0,40.0,107.0,all
AOCS-141-8-0,175.0,140.0,28.0,113.0,108.0,44.0,26.0,91.0,172.0,71.0,314.0,128.0,96.0,64.0,86.0,116.0,176.0,50.0,81.0,141.0,54.0,15.0,44.0,38.0,103.0,108.0,15.0,107.0,55.0,40.0,24.0,81.0,125.0,160.0,228.0,200.0,103.0,92.0,126.0,149.0,54.0,53.0,41.0,84.0,23.0,21.0,45.0,55.0,156.0,196.0,17.0,93.0,39.0,154.0,9.0,95.0,173.0,121.0,268.0,145.0,30.0,35.0,42.0,50.0,63.0,66.0,42.0,67.0,34.0,44.0,191.0,59.0,214.0,136.0,25.0,229.0,420.0,113.0,28.0,590.0,615.0,201.0,196.0,367.0,112.0,47.0,58.0,149.0,55.0,68.0,37.0,95.0,53.0,30.0,40.0,107.0,all
AOCS-142-3-5,199.0,140.0,28.0,156.0,167.0,79.0,40.0,149.0,163.0,101.0,270.0,179.0,57.0,53.0,76.0,120.0,185.0,79.0,122.0,212.0,47.0,30.0,71.0,63.0,130.0,115.0,22.0,147.0,121.0,88.0,24.0,123.0,134.0,161.0,185.0,234.0,60.0,57.0,70.0,112.0,94.0,100.0,68.0,125.0,35.0,40.0,61.0,79.0,115.0,67.0,15.0,89.0,56.0,57.0,14.0,94.0,101.0,122.0,169.0,125.0,46.0,29.0,47.0,65.0,83.0,78.0,58.0,113.0,26.0,15.0,71.0,49.0,184.0,150.0,23.0,208.0,396.0,145.0,25.0,521.0,267.0,155.0,123.0,211.0,104.0,65.0,45.0,145.0,125.0,141.0,68.0,169.0,60.0,58.0,85.0,142.0,all
AOCS-143-1-0,112.0,96.0,11.0,95.0,51.0,22.0,16.0,52.0,94.0,57.0,122.0,70.0,36.0,32.0,47.0,56.0,87.0,37.0,73.0,84.0,16.0,7.0,20.0,22.0,84.0,98.0,6.0,86.0,29.0,26.0,5.0,50.0,57.0,65.0,60.0,96.0,42.0,41.0,55.0,66.0,34.0,43.0,32.0,47.0,9.0,12.0,36.0,21.0,51.0,48.0,15.0,45.0,21.0,20.0,8.0,33.0,51.0,63.0,99.0,61.0,27.0,29.0,39.0,47.0,35.0,18.0,40.0,56.0,9.0,10.0,34.0,19.0,48.0,85.0,5.0,79.0,42.0,37.0,5.0,96.0,59.0,71.0,52.0,77.0,41.0,35.0,25.0,61.0,39.0,40.0,24.0,52.0,10.0,12.0,35.0,45.0,all
AOCS-144-1-3,125.0,94.0,10.0,101.0,72.0,39.0,22.0,68.0,101.0,69.0,137.0,89.0,42.0,25.0,46.0,78.0,99.0,41.0,68.0,103.0,15.0,8.0,26.0,18.0,88.0,93.0,10.0,96.0,51.0,38.0,14.0,65.0,88.0,77.0,67.0,118.0,42.0,49.0,53.0,100.0,32.0,47.0,38.0,55.0,8.0,23.0,28.0,24.0,67.0,58.0,9.0,88.0,39.0,21.0,7.0,47.0,74.0,85.0,94.0,71.0,21.0,39.0,43.0,44.0,39.0,27.0,30.0,60.0,10.0,6.0,26.0,21.0,89.0,97.0,7.0,125.0,156.0,94.0,11.0,210.0,155.0,109.0,63.0,119.0,40.0,45.0,35.0,94.0,42.0,42.0,28.0,56.0,28.0,22.0,32.0,59.0,all
AOCS-145-1-6,234.0,156.0,39.0,171.0,151.0,80.0,17.0,168.0,190.0,97.0,197.0,147.0,70.0,82.0,112.0,91.0,200.0,70.0,149.0,187.0,60.0,14.0,64.0,39.0,190.0,173.0,20.0,140.0,94.0,97.0,24.0,147.0,142.0,117.0,144.0,145.0,88.0,110.0,111.0,148.0,89.0,109.0,92.0,110.0,35.0,40.0,69.0,54.0,114.0,115.0,16.0,104.0,60.0,72.0,10.0,125.0,140.0,115.0,162.0,124.0,46.0,38.0,70.0,81.0,81.0,67.0,78.0,110.0,36.0,9.0,73.0,50.0,140.0,149.0,15.0,181.0,157.0,121.0,9.0,266.0,156.0,155.0,78.0,151.0,87.0,82.0,64.0,142.0,110.0,75.0,53.0,138.0,40.0,43.0,70.0,90.0,all
AOCS-146-1-9,150.0,137.0,21.0,120.0,121.0,52.0,22.0,120.0,140.0,62.0,120.0,100.0,53.0,56.0,63.0,78.0,150.0,51.0,103.0,132.0,32.0,14.0,32.0,26.0,121.0,128.0,18.0,111.0,87.0,46.0,12.0,98.0,87.0,70.0,85.0,119.0,46.0,84.0,82.0,120.0,44.0,78.0,50.0,74.0,31.0,33.0,63.0,45.0,92.0,76.0,22.0,71.0,42.0,30.0,6.0,60.0,101.0,84.0,85.0,86.0,43.0,37.0,62.0,74.0,61.0,39.0,54.0,86.0,21.0,14.0,39.0,29.0,99.0,119.0,13.0,144.0,146.0,93.0,17.0,190.0,125.0,106.0,70.0,98.0,60.0,71.0,35.0,112.0,57.0,52.0,31.0,89.0,27.0,28.0,43.0,67.0,all
AOCS-147-1-1,235.0,212.0,29.0,226.0,173.0,80.0,78.0,145.0,210.0,110.0,225.0,179.0,97.0,76.0,100.0,138.0,220.0,79.0,176.0,214.0,35.0,15.0,80.0,40.0,201.0,189.0,30.0,197.0,124.0,89.0,50.0,168.0,163.0,135.0,167.0,194.0,94.0,135.0,150.0,195.0,97.0,141.0,105.0,155.0,39.0,47.0,86.0,107.0,128.0,124.0,26.0,116.0,79.0,76.0,32.0,111.0,143.0,135.0,164.0,137.0,60.0,65.0,97.0,115.0,97.0,68.0,79.0,111.0,26.0,20.0,84.0,54.0,248.0,157.0,20.0,214.0,685.0,212.0,55.0,803.0,880.0,280.0,134.0,519.0,100.0,89.0,70.0,226.0,117.0,129.0,58.0,178.0,42.0,35.0,75.0,119.0,all
AOCS-148-1-4,134.0,134.0,14.0,106.0,88.0,61.0,29.0,84.0,164.0,67.0,124.0,99.0,62.0,42.0,60.0,90.0,123.0,40.0,82.0,134.0,36.0,18.0,34.0,39.0,122.0,114.0,12.0,122.0,53.0,58.0,11.0,96.0,116.0,83.0,111.0,128.0,38.0,63.0,77.0,106.0,48.0,60.0,57.0,65.0,17.0,20.0,35.0,41.0,65.0,81.0,11.0,79.0,43.0,30.0,3.0,62.0,108.0,90.0,120.0,93.0,27.0,42.0,54.0,66.0,49.0,26.0,47.0,69.0,20.0,14.0,48.0,23.0,103.0,113.0,10.0,114.0,101.0,84.0,12.0,161.0,155.0,102.0,60.0,153.0,55.0,61.0,43.0,104.0,57.0,53.0,38.0,84.0,31.0,12.0,38.0,60.0,all
AOCS-149-1-7,216.0,178.0,35.0,156.0,183.0,100.0,45.0,174.0,254.0,98.0,248.0,196.0,110.0,57.0,111.0,123.0,265.0,126.0,179.0,255.0,54.0,27.0,89.0,52.0,212.0,164.0,27.0,163.0,153.0,139.0,35.0,234.0,127.0,116.0,173.0,220.0,98.0,107.0,120.0,160.0,135.0,141.0,125.0,159.0,44.0,70.0,118.0,115.0,111.0,98.0,29.0,108.0,93.0,66.0,23.0,139.0,152.0,127.0,228.0,142.0,61.0,41.0,59.0,113.0,114.0,84.0,94.0,157.0,34.0,26.0,87.0,74.0,151.0,132.0,19.0,172.0,203.0,189.0,33.0,365.0,209.0,143.0,117.0,211.0,137.0,78.0,72.0,165.0,182.0,109.0,82.0,195.0,70.0,64.0,104.0,151.0,all
AOCS-150-3-1,298.0,348.0,41.0,243.0,202.0,122.0,52.0,231.0,282.0,147.0,208.0,211.0,124.0,100.0,126.0,183.0,274.0,137.0,195.0,298.0,76.0,31.0,82.0,55.0,262.0,269.0,30.0,374.0,112.0,107.0,29.0,213.0,194.0,602.0,159.0,606.0,181.0,250.0,279.0,386.0,119.0,204.0,135.0,208.0,43.0,52.0,119.0,101.0,189.0,250.0,21.0,170.0,92.0,157.0,16.0,211.0,222.0,178.0,158.0,176.0,94.0,75.0,106.0,171.0,122.0,99.0,97.0,147.0,60.0,42.0,265.0,73.0,241.0,206.0,21.0,256.0,309.0,199.0,41.0,534.0,274.0,221.0,90.0,264.0,141.0,126.0,84.0,229.0,160.0,153.0,100.0,200.0,93.0,63.0,131.0,150.0,all
AOCS-150-8-X,298.0,348.0,41.0,243.0,202.0,122.0,52.0,231.0,282.0,147.0,208.0,211.0,124.0,100.0,126.0,183.0,274.0,137.0,195.0,298.0,76.0,31.0,82.0,55.0,262.0,269.0,30.0,374.0,112.0,107.0,29.0,213.0,194.0,602.0,159.0,606.0,181.0,250.0,279.0,386.0,119.0,204.0,135.0,208.0,43.0,52.0,119.0,101.0,189.0,250.0,21.0,170.0,92.0,157.0,16.0,211.0,222.0,178.0,158.0,176.0,94.0,75.0,106.0,171.0,122.0,99.0,97.0,147.0,60.0,42.0,265.0,73.0,241.0,206.0,21.0,256.0,309.0,199.0,41.0,534.0,274.0,221.0,90.0,264.0,141.0,126.0,84.0,229.0,160.0,153.0,100.0,200.0,93.0,63.0,131.0,150.0,all
AOCS-152-1-X,245.0,164.0,17.0,129.0,111.0,81.0,27.0,107.0,149.0,90.0,192.0,141.0,64.0,63.0,81.0,93.0,154.0,61.0,102.0,135.0,38.0,18.0,75.0,43.0,150.0,129.0,28.0,124.0,88.0,83.0,19.0,108.0,121.0,117.0,119.0,156.0,68.0,81.0,97.0,120.0,87.0,106.0,64.0,93.0,31.0,40.0,61.0,74.0,119.0,108.0,29.0,87.0,48.0,60.0,14.0,87.0,108.0,120.0,150.0,109.0,43.0,48.0,81.0,88.0,72.0,54.0,54.0,86.0,24.0,20.0,61.0,45.0,150.0,165.0,13.0,173.0,175.0,138.0,13.0,257.0,198.0,157.0,91.0,203.0,73.0,63.0,53.0,129.0,72.0,89.0,52.0,98.0,44.0,44.0,66.0,84.0,all
AOCS-153-1-2,168.0,120.0,17.0,118.0,95.0,59.0,15.0,91.0,129.0,76.0,155.0,108.0,51.0,53.0,61.0,89.0,145.0,51.0,89.0,139.0,36.0,17.0,43.0,36.0,107.0,115.0,20.0,108.0,79.0,56.0,22.0,104.0,80.0,82.0,106.0,131.0,52.0,77.0,75.0,85.0,64.0,65.0,54.0,64.0,26.0,39.0,59.0,60.0,90.0,94.0,12.0,75.0,60.0,43.0,13.0,79.0,107.0,93.0,110.0,96.0,39.0,19.0,59.0,61.0,70.0,32.0,44.0,69.0,25.0,17.0,62.0,40.0,103.0,89.0,17.0,137.0,87.0,118.0,6.0,207.0,107.0,114.0,66.0,116.0,56.0,56.0,33.0,113.0,81.0,47.0,50.0,84.0,42.0,40.0,45.0,87.0,all
AOCS-155-3-5,357.0,437.0,48.0,338.0,242.0,158.0,47.0,251.0,353.0,192.0,278.0,271.0,153.0,133.0,174.0,199.0,305.0,125.0,255.0,335.0,61.0,38.0,95.0,77.0,367.0,376.0,34.0,355.0,194.0,176.0,57.0,234.0,229.0,346.0,190.0,408.0,184.0,275.0,282.0,347.0,158.0,194.0,141.0,203.0,56.0,82.0,134.0,109.0,266.0,266.0,32.0,251.0,111.0,188.0,29.0,198.0,294.0,260.0,226.0,242.0,125.0,122.0,139.0,206.0,150.0,130.0,146.0,169.0,37.0,36.0,123.0,83.0,256.0,289.0,35.0,326.0,302.0,259.0,35.0,489.0,327.0,230.0,149.0,296.0,178.0,168.0,130.0,322.0,204.0,151.0,95.0,266.0,79.0,86.0,128.0,187.0,all
AOCS-157-1-3,67.0,54.0,6.0,47.0,32.0,15.0,3.0,20.0,81.0,36.0,173.0,54.0,24.0,22.0,26.0,40.0,58.0,20.0,38.0,70.0,10.0,1.0,12.0,11.0,47.0,43.0,11.0,31.0,15.0,18.0,4.0,32.0,44.0,38.0,87.0,53.0,15.0,19.0,26.0,42.0,16.0,25.0,21.0,35.0,5.0,6.0,16.0,10.0,37.0,20.0,7.0,31.0,11.0,13.0,3.0,21.0,38.0,46.0,116.0,40.0,11.0,11.0,17.0,20.0,28.0,19.0,17.0,31.0,2.0,7.0,16.0,9.0,54.0,44.0,3.0,68.0,40.0,22.0,3.0,58.0,49.0,51.0,61.0,68.0,37.0,13.0,18.0,65.0,37.0,20.0,16.0,41.0,10.0,7.0,17.0,26.0,all
AOCS-158-1-6,199.0,131.0,20.0,131.0,106.0,64.0,23.0,91.0,134.0,70.0,106.0,118.0,58.0,56.0,74.0,85.0,105.0,51.0,75.0,126.0,35.0,16.0,49.0,37.0,123.0,123.0,18.0,128.0,72.0,55.0,9.0,86.0,89.0,76.0,95.0,147.0,48.0,92.0,87.0,102.0,57.0,72.0,72.0,70.0,22.0,32.0,39.0,32.0,90.0,84.0,12.0,93.0,39.0,44.0,10.0,67.0,83.0,89.0,61.0,86.0,43.0,36.0,35.0,85.0,46.0,50.0,57.0,58.0,14.0,13.0,39.0,24.0,99.0,110.0,18.0,159.0,108.0,92.0,9.0,205.0,117.0,110.0,57.0,105.0,60.0,69.0,34.0,115.0,75.0,60.0,24.0,81.0,40.0,29.0,54.0,72.0,all
AOCS-159-1-9,91.0,77.0,18.0,70.0,49.0,25.0,23.0,66.0,111.0,47.0,219.0,68.0,45.0,34.0,43.0,74.0,128.0,40.0,75.0,126.0,25.0,5.0,26.0,15.0,63.0,51.0,10.0,60.0,38.0,23.0,10.0,42.0,57.0,61.0,138.0,93.0,25.0,31.0,29.0,46.0,36.0,49.0,36.0,66.0,19.0,14.0,21.0,25.0,47.0,47.0,14.0,37.0,25.0,17.0,11.0,30.0,63.0,59.0,148.0,62.0,10.0,13.0,17.0,51.0,46.0,23.0,39.0,43.0,9.0,8.0,24.0,19.0,76.0,68.0,8.0,93.0,75.0,57.0,7.0,149.0,98.0,105.0,89.0,80.0,42.0,25.0,22.0,73.0,67.0,42.0,19.0,67.0,28.0,17.0,21.0,38.0,all
AOCS-160-1-6,169.0,156.0,22.0,115.0,100.0,46.0,20.0,65.0,132.0,101.0,276.0,110.0,82.0,42.0,71.0,99.0,141.0,49.0,85.0,116.0,21.0,8.0,38.0,34.0,103.0,94.0,19.0,107.0,44.0,47.0,18.0,79.0,86.0,101.0,163.0,115.0,40.0,52.0,70.0,89.0,47.0,50.0,38.0,77.0,20.0,20.0,38.0,29.0,91.0,72.0,12.0,76.0,31.0,23.0,5.0,35.0,90.0,81.0,223.0,90.0,30.0,43.0,43.0,65.0,44.0,17.0,26.0,55.0,13.0,15.0,36.0,25.0,104.0,105.0,13.0,130.0,98.0,62.0,11.0,160.0,136.0,95.0,122.0,129.0,71.0,55.0,26.0,135.0,52.0,56.0,19.0,105.0,41.0,24.0,46.0,52.0,all
AOCS-161-1-9,126.0,99.0,37.0,98.0,62.0,42.0,37.0,88.0,150.0,63.0,238.0,117.0,75.0,43.0,73.0,104.0,122.0,58.0,74.0,112.0,50.0,10.0,34.0,34.0,84.0,70.0,18.0,73.0,38.0,43.0,29.0,81.0,97.0,94.0,147.0,118.0,44.0,38.0,56.0,69.0,47.0,50.0,49.0,67.0,15.0,29.0,44.0,36.0,50.0,53.0,16.0,50.0,25.0,39.0,11.0,36.0,91.0,92.0,179.0,100.0,34.0,14.0,29.0,30.0,55.0,30.0,43.0,77.0,13.0,6.0,20.0,33.0,124.0,82.0,18.0,124.0,137.0,71.0,26.0,222.0,207.0,102.0,109.0,164.0,110.0,42.0,25.0,106.0,87.0,60.0,35.0,73.0,44.0,26.0,36.0,81.0,all
AOCS-162-1-1,103.0,70.0,10.0,69.0,71.0,30.0,20.0,61.0,144.0,60.0,255.0,84.0,42.0,28.0,41.0,78.0,134.0,45.0,79.0,111.0,27.0,6.0,21.0,36.0,67.0,49.0,20.0,50.0,30.0,26.0,15.0,46.0,70.0,67.0,168.0,100.0,27.0,31.0,20.0,26.0,36.0,23.0,38.0,53.0,13.0,16.0,11.0,36.0,53.0,34.0,13.0,39.0,17.0,29.0,8.0,38.0,74.0,61.0,185.0,93.0,18.0,16.0,19.0,24.0,41.0,28.0,45.0,64.0,13.0,9.0,26.0,28.0,76.0,77.0,22.0,94.0,72.0,45.0,12.0,118.0,118.0,94.0,117.0,128.0,73.0,25.0,12.0,80.0,50.0,42.0,24.0,70.0,24.0,22.0,32.0,84.0,all
AOCS-163-1-4,145.0,79.0,27.0,123.0,54.0,21.0,19.0,55.0,146.0,68.0,186.0,110.0,51.0,38.0,44.0,63.0,100.0,52.0,59.0,116.0,32.0,11.0,30.0,27.0,70.0,62.0,17.0,82.0,28.0,29.0,26.0,48.0,87.0,86.0,115.0,112.0,28.0,45.0,44.0,74.0,35.0,45.0,34.0,47.0,13.0,25.0,32.0,24.0,55.0,35.0,17.0,58.0,16.0,28.0,4.0,29.0,72.0,76.0,163.0,91.0,17.0,17.0,28.0,58.0,38.0,22.0,30.0,46.0,12.0,6.0,34.0,28.0,77.0,67.0,17.0,106.0,72.0,54.0,8.0,113.0,135.0,109.0,81.0,146.0,50.0,32.0,26.0,97.0,52.0,43.0,32.0,59.0,20.0,16.0,35.0,51.0,all
AOCS-164-1-7,109.0,120.0,12.0,96.0,112.0,47.0,14.0,108.0,111.0,75.0,133.0,97.0,40.0,49.0,56.0,73.0,122.0,59.0,91.0,128.0,30.0,9.0,52.0,22.0,101.0,86.0,18.0,95.0,90.0,62.0,19.0,93.0,89.0,65.0,86.0,108.0,50.0,64.0,67.0,92.0,44.0,86.0,58.0,70.0,25.0,40.0,48.0,47.0,70.0,54.0,6.0,70.0,32.0,29.0,12.0,60.0,93.0,61.0,92.0,84.0,26.0,23.0,54.0,50.0,56.0,36.0,44.0,61.0,14.0,17.0,41.0,27.0,65.0,93.0,8.0,109.0,154.0,94.0,13.0,257.0,123.0,99.0,63.0,119.0,51.0,44.0,33.0,86.0,66.0,46.0,33.0,99.0,44.0,26.0,46.0,73.0,all
AOCS-165-1-X,110.0,71.0,22.0,105.0,72.0,38.0,29.0,59.0,143.0,50.0,194.0,80.0,32.0,25.0,43.0,76.0,137.0,26.0,95.0,130.0,21.0,14.0,42.0,37.0,192.0,108.0,41.0,224.0,37.0,33.0,33.0,55.0,85.0,55.0,142.0,87.0,25.0,30.0,41.0,36.0,47.0,28.0,41.0,47.0,11.0,15.0,25.0,28.0,139.0,46.0,21.0,166.0,23.0,22.0,5.0,37.0,76.0,69.0,164.0,59.0,20.0,15.0,30.0,35.0,40.0,13.0,32.0,57.0,11.0,3.0,8.0,9.0,241.0,182.0,35.0,423.0,88.0,55.0,17.0,158.0,80.0,80.0,95.0,59.0,68.0,32.0,27.0,58.0,42.0,39.0,24.0,68.0,31.0,10.0,22.0,73.0,all
AOCS-166-1-2,241.0,151.0,44.0,182.0,213.0,70.0,98.0,170.0,567.0,188.0,533.0,188.0,446.0,181.0,149.0,1228.0,2080.0,708.0,1573.0,670.0,206.0,148.0,127.0,346.0,197.0,221.0,90.0,400.0,50.0,59.0,53.0,77.0,175.0,233.0,400.0,274.0,120.0,179.0,120.0,123.0,1022.0,720.0,1416.0,1221.0,106.0,325.0,375.0,486.0,79.0,123.0,32.0,159.0,51.0,59.0,33.0,53.0,205.0,484.0,1261.0,351.0,146.0,101.0,231.0,158.0,1505.0,599.0,1372.0,817.0,75.0,73.0,135.0,467.0,219.0,120.0,43.0,333.0,403.0,149.0,52.0,667.0,545.0,272.0,251.0,415.0,578.0,102.0,120.0,665.0,1111.0,1121.0,837.0,2327.0,77.0,107.0,203.0,714.0,all
AOCS-167-13-9,260.0,242.0,25.0,185.0,174.0,63.0,28.0,142.0,231.0,107.0,220.0,186.0,93.0,75.0,123.0,136.0,240.0,98.0,129.0,190.0,45.0,22.0,74.0,49.0,186.0,196.0,23.0,210.0,122.0,99.0,14.0,170.0,148.0,352.0,133.0,413.0,85.0,116.0,113.0,168.0,95.0,116.0,88.0,167.0,41.0,53.0,86.0,74.0,122.0,140.0,18.0,134.0,82.0,80.0,14.0,124.0,164.0,128.0,164.0,150.0,53.0,56.0,67.0,105.0,84.0,46.0,59.0,89.0,54.0,42.0,310.0,85.0,146.0,151.0,21.0,186.0,242.0,138.0,25.0,395.0,215.0,195.0,106.0,246.0,114.0,90.0,70.0,173.0,113.0,87.0,55.0,141.0,45.0,39.0,52.0,137.0,all
AOCS-167-16-X,260.0,242.0,25.0,185.0,174.0,63.0,28.0,142.0,231.0,107.0,220.0,186.0,93.0,75.0,123.0,136.0,240.0,98.0,129.0,190.0,45.0,22.0,74.0,49.0,186.0,196.0,23.0,210.0,122.0,99.0,14.0,170.0,148.0,352.0,133.0,413.0,85.0,116.0,113.0,168.0,95.0,116.0,88.0,167.0,41.0,53.0,86.0,74.0,122.0,140.0,18.0,134.0,82.0,80.0,14.0,124.0,164.0,128.0,164.0,150.0,53.0,56.0,67.0,105.0,84.0,46.0,59.0,89.0,54.0,42.0,310.0,85.0,146.0,151.0,21.0,186.0,242.0,138.0,25.0,395.0,215.0,195.0,106.0,246.0,114.0,90.0,70.0,173.0,113.0,87.0,55.0,141.0,45.0,39.0,52.0,137.0,all
AOCS-167-3-2,260.0,242.0,25.0,185.0,174.0,63.0,28.0,142.0,231.0,107.0,220.0,186.0,93.0,75.0,123.0,136.0,240.0,98.0,129.0,190.0,45.0,22.0,74.0,49.0,186.0,196.0,23.0,210.0,122.0,99.0,14.0,170.0,148.0,352.0,133.0,413.0,85.0,116.0,113.0,168.0,95.0,116.0,88.0,167.0,41.0,53.0,86.0,74.0,122.0,140.0,18.0,134.0,82.0,80.0,14.0,124.0,164.0,128.0,164.0,150.0,53.0,56.0,67.0,105.0,84.0,46.0,59.0,89.0,54.0,42.0,310.0,85.0,146.0,151.0,21.0,186.0,242.0,138.0,25.0,395.0,215.0,195.0,106.0,246.0,114.0,90.0,70.0,173.0,113.0,87.0,55.0,141.0,45.0,39.0,52.0,137.0,all
AOCS-168-1-8,144.0,96.0,17.0,116.0,68.0,40.0,18.0,85.0,143.0,64.0,209.0,88.0,50.0,36.0,63.0,69.0,124.0,36.0,93.0,116.0,21.0,10.0,28.0,27.0,90.0,76.0,16.0,89.0,56.0,44.0,15.0,80.0,82.0,69.0,117.0,98.0,28.0,58.0,73.0,80.0,44.0,54.0,42.0,78.0,19.0,20.0,34.0,31.0,69.0,49.0,13.0,64.0,25.0,23.0,4.0,44.0,88.0,68.0,133.0,60.0,18.0,27.0,46.0,56.0,45.0,31.0,32.0,72.0,13.0,4.0,39.0,22.0,83.0,106.0,27.0,113.0,182.0,80.0,19.0,243.0,214.0,106.0,101.0,165.0,48.0,43.0,27.0,92.0,52.0,42.0,33.0,75.0,24.0,21.0,22.0,67.0,all
AOCS-169-1-0,91.0,66.0,7.0,78.0,47.0,22.0,3.0,43.0,119.0,59.0,201.0,86.0,37.0,25.0,41.0,48.0,95.0,37.0,66.0,81.0,27.0,5.0,24.0,15.0,62.0,61.0,8.0,62.0,27.0,27.0,5.0,45.0,84.0,83.0,108.0,106.0,28.0,24.0,46.0,64.0,23.0,40.0,35.0,51.0,9.0,17.0,15.0,33.0,45.0,48.0,10.0,54.0,19.0,13.0,2.0,23.0,70.0,77.0,127.0,63.0,15.0,20.0,21.0,34.0,38.0,12.0,22.0,65.0,8.0,7.0,15.0,7.0,72.0,73.0,15.0,77.0,40.0,38.0,6.0,91.0,114.0,111.0,94.0,99.0,37.0,23.0,17.0,59.0,46.0,29.0,24.0,57.0,23.0,15.0,25.0,38.0,all
AOCS-170-1-8,219.0,143.0,25.0,141.0,136.0,86.0,31.0,155.0,200.0,94.0,229.0,131.0,71.0,53.0,78.0,119.0,269.0,114.0,169.0,256.0,82.0,28.0,67.0,63.0,130.0,130.0,21.0,122.0,80.0,82.0,25.0,130.0,123.0,98.0,178.0,170.0,44.0,70.0,90.0,104.0,98.0,118.0,88.0,141.0,43.0,48.0,75.0,84.0,71.0,67.0,11.0,76.0,63.0,56.0,8.0,87.0,123.0,99.0,209.0,101.0,31.0,35.0,48.0,81.0,87.0,67.0,82.0,176.0,43.0,42.0,178.0,64.0,148.0,144.0,21.0,134.0,191.0,152.0,13.0,339.0,156.0,153.0,116.0,182.0,86.0,57.0,56.0,143.0,121.0,100.0,77.0,161.0,86.0,53.0,74.0,140.0,all
AOCS-170-3-5,219.0,143.0,25.0,141.0,136.0,86.0,31.0,155.0,200.0,94.0,229.0,131.0,71.0,53.0,78.0,119.0,269.0,114.0,169.0,256.0,82.0,28.0,67.0,63.0,130.0,130.0,21.0,122.0,80.0,82.0,25.0,130.0,123.0,98.0,178.0,170.0,44.0,70.0,90.0,104.0,98.0,118.0,88.0,141.0,43.0,48.0,75.0,84.0,71.0,67.0,11.0,76.0,63.0,56.0,8.0,87.0,123.0,99.0,209.0,101.0,31.0,35.0,48.0,81.0,87.0,67.0,82.0,176.0,43.0,42.0,178.0,64.0,148.0,144.0,21.0,134.0,191.0,152.0,13.0,339.0,156.0,153.0,116.0,182.0,86.0,57.0,56.0,143.0,121.0,100.0,77.0,161.0,86.0,53.0,74.0,140.0,all
AOCS-171-1-0,209.0,172.0,36.0,214.0,157.0,85.0,46.0,189.0,219.0,91.0,163.0,174.0,96.0,71.0,87.0,136.0,228.0,129.0,125.0,202.0,48.0,14.0,67.0,53.0,187.0,148.0,35.0,157.0,119.0,90.0,27.0,145.0,109.0,95.0,131.0,191.0,93.0,120.0,131.0,219.0,102.0,169.0,97.0,135.0,28.0,38.0,74.0,69.0,108.0,112.0,21.0,91.0,74.0,63.0,24.0,122.0,120.0,89.0,116.0,113.0,66.0,52.0,59.0,110.0,92.0,87.0,89.0,120.0,35.0,34.0,121.0,79.0,127.0,126.0,17.0,178.0,252.0,139.0,35.0,336.0,136.0,120.0,75.0,153.0,115.0,80.0,74.0,239.0,114.0,137.0,47.0,164.0,54.0,44.0,98.0,149.0,all
AOCS-171-3-8,209.0,172.0,36.0,214.0,157.0,85.0,46.0,189.0,219.0,91.0,163.0,174.0,96.0,71.0,87.0,136.0,228.0,129.0,125.0,202.0,48.0,14.0,67.0,53.0,187.0,148.0,35.0,157.0,119.0,90.0,27.0,145.0,109.0,95.0,131.0,191.0,93.0,120.0,131.0,219.0,102.0,169.0,97.0,135.0,28.0,38.0,74.0,69.0,108.0,112.0,21.0,91.0,74.0,63.0,24.0,122.0,120.0,89.0,116.0,113.0,66.0,52.0,59.0,110.0,92.0,87.0,89.0,120.0,35.0,34.0,121.0,79.0,127.0,126.0,17.0,178.0,252.0,139.0,35.0,336.0,136.0,120.0,75.0,153.0,115.0,80.0,74.0,239.0,114.0,137.0,47.0,164.0,54.0,44.0,98.0,149.0,all
AOCS-034-3-8,69.0,85.0,7.0,65.0,72.0,44.0,16.0,86.0,80.0,33.0,57.0,72.0,41.0,30.0,21.0,60.0,76.0,25.0,38.0,42.0,23.0,5.0,39.0,35.0,84.0,61.0,10.0,120.0,43.0,38.0,12.0,82.0,70.0,285.0,37.0,265.0,47.0,45.0,55.0,123.0,36.0,44.0,37.0,59.0,19.0,16.0,37.0,29.0,68.0,77.0,5.0,44.0,46.0,49.0,5.0,72.0,82.0,74.0,43.0,68.0,13.0,18.0,22.0,32.0,35.0,32.0,25.0,41.0,12.0,12.0,22.0,19.0,98.0,76.0,10.0,99.0,330.0,82.0,18.0,492.0,267.0,97.0,41.0,184.0,37.0,33.0,25.0,56.0,49.0,39.0,15.0,38.0,32.0,18.0,37.0,69.0,new
AOCS-064-3-3,145.0,157.0,11.0,178.0,127.0,61.0,32.0,139.0,172.0,82.0,65.0,133.0,79.0,74.0,79.0,127.0,108.0,69.0,73.0,145.0,50.0,23.0,66.0,69.0,120.0,105.0,13.0,125.0,78.0,58.0,25.0,80.0,81.0,82.0,58.0,194.0,128.0,103.0,127.0,219.0,56.0,118.0,85.0,258.0,34.0,44.0,75.0,193.0,152.0,151.0,9.0,91.0,62.0,157.0,6.0,117.0,124.0,145.0,41.0,105.0,54.0,50.0,41.0,104.0,51.0,91.0,42.0,85.0,17.0,49.0,49.0,80.0,78.0,98.0,10.0,114.0,100.0,93.0,18.0,182.0,86.0,66.0,36.0,120.0,84.0,73.0,42.0,186.0,96.0,111.0,37.0,129.0,51.0,38.0,70.0,160.0,new
AOCS-065-3-6,26.0,23.0,3.0,30.0,24.0,15.0,5.0,43.0,33.0,18.0,24.0,26.0,17.0,10.0,15.0,32.0,26.0,10.0,11.0,27.0,9.0,4.0,14.0,8.0,28.0,22.0,3.0,27.0,24.0,12.0,5.0,28.0,30.0,44.0,21.0,48.0,18.0,21.0,13.0,28.0,6.0,13.0,15.0,22.0,7.0,2.0,13.0,24.0,27.0,15.0,1.0,20.0,9.0,17.0,1.0,27.0,29.0,30.0,24.0,27.0,9.0,14.0,15.0,10.0,14.0,12.0,1.0,18.0,11.0,4.0,12.0,12.0,28.0,27.0,2.0,26.0,33.0,17.0,1.0,38.0,25.0,30.0,16.0,25.0,7.0,18.0,10.0,21.0,21.0,10.0,6.0,25.0,18.0,7.0,13.0,20.0,new
AOCS-086-3-2,97.0,125.0,6.0,78.0,83.0,42.0,23.0,93.0,82.0,56.0,87.0,95.0,44.0,29.0,41.0,59.0,85.0,34.0,64.0,93.0,32.0,11.0,33.0,29.0,90.0,79.0,11.0,128.0,62.0,49.0,21.0,88.0,126.0,362.0,50.0,316.0,112.0,103.0,130.0,189.0,58.0,64.0,64.0,109.0,23.0,20.0,44.0,54.0,116.0,127.0,13.0,79.0,46.0,118.0,9.0,115.0,119.0,109.0,64.0,107.0,16.0,30.0,24.0,39.0,47.0,53.0,41.0,48.0,16.0,13.0,30.0,25.0,73.0,71.0,8.0,100.0,122.0,76.0,11.0,207.0,107.0,81.0,34.0,104.0,71.0,39.0,25.0,77.0,60.0,61.0,31.0,72.0,34.0,14.0,48.0,77.0,new
AOCS-088-3-8,204.0,230.0,17.0,204.0,134.0,78.0,27.0,126.0,189.0,98.0,96.0,198.0,78.0,64.0,83.0,144.0,122.0,84.0,73.0,143.0,43.0,18.0,74.0,49.0,175.0,174.0,21.0,201.0,89.0,73.0,19.0,117.0,123.0,138.0,67.0,232.0,111.0,143.0,137.0,234.0,63.0,135.0,59.0,86.0,24.0,30.0,74.0,73.0,126.0,115.0,15.0,149.0,61.0,71.0,11.0,91.0,139.0,89.0,77.0,131.0,62.0,74.0,69.0,141.0,56.0,51.0,42.0,63.0,35.0,16.0,64.0,53.0,208.0,154.0,21.0,260.0,327.0,154.0,32.0,514.0,413.0,189.0,45.0,320.0,97.0,93.0,61.0,207.0,90.0,99.0,45.0,98.0,46.0,38.0,94.0,87.0,new
AOCS-091-3-0,139.0,166.0,15.0,121.0,167.0,63.0,22.0,121.0,159.0,74.0,122.0,128.0,64.0,69.0,52.0,96.0,138.0,71.0,112.0,125.0,31.0,18.0,55.0,37.0,138.0,127.0,12.0,173.0,81.0,44.0,12.0,128.0,83.0,165.0,92.0,192.0,133.0,120.0,175.0,221.0,64.0,84.0,68.0,114.0,31.0,30.0,61.0,51.0,98.0,145.0,16.0,87.0,63.0,91.0,7.0,128.0,156.0,103.0,92.0,104.0,45.0,47.0,48.0,80.0,65.0,76.0,53.0,89.0,22.0,22.0,58.0,40.0,110.0,100.0,9.0,127.0,121.0,92.0,11.0,213.0,107.0,86.0,50.0,107.0,97.0,74.0,50.0,140.0,100.0,85.0,49.0,100.0,52.0,30.0,56.0,80.0,new
AOCS-092-3-3,75.0,161.0,2.0,88.0,45.0,17.0,5.0,42.0,53.0,25.0,52.0,56.0,41.0,52.0,28.0,44.0,42.0,28.0,32.0,49.0,23.0,10.0,21.0,34.0,112.0,77.0,21.0,202.0,22.0,24.0,10.0,64.0,149.0,540.0,46.0,522.0,315.0,172.0,268.0,361.0,54.0,43.0,48.0,106.0,21.0,19.0,37.0,30.0,82.0,154.0,6.0,68.0,18.0,111.0,3.0,64.0,109.0,106.0,48.0,58.0,22.0,27.0,15.0,29.0,23.0,73.0,19.0,28.0,8.0,23.0,12.0,18.0,57.0,67.0,8.0,111.0,54.0,32.0,8.0,133.0,81.0,91.0,37.0,114.0,41.0,28.0,24.0,48.0,27.0,35.0,17.0,41.0,9.0,16.0,29.0,42.0,new
AOCS-093-3-6,56.0,81.0,4.0,56.0,48.0,24.0,13.0,41.0,49.0,34.0,29.0,57.0,27.0,12.0,38.0,40.0,66.0,34.0,44.0,53.0,10.0,8.0,21.0,20.0,37.0,48.0,4.0,65.0,30.0,46.0,15.0,55.0,56.0,127.0,26.0,128.0,83.0,58.0,91.0,81.0,34.0,41.0,42.0,57.0,11.0,14.0,33.0,25.0,53.0,70.0,8.0,32.0,22.0,59.0,7.0,51.0,69.0,54.0,24.0,48.0,15.0,17.0,29.0,22.0,26.0,37.0,21.0,28.0,7.0,8.0,14.0,10.0,49.0,37.0,7.0,64.0,89.0,60.0,6.0,129.0,101.0,53.0,17.0,74.0,30.0,16.0,19.0,46.0,42.0,34.0,21.0,46.0,24.0,18.0,25.0,42.0,new
AOCS-094-6-X,96.0,105.0,10.0,102.0,97.0,62.0,27.0,106.0,119.0,54.0,67.0,129.0,44.0,42.0,45.0,90.0,93.0,60.0,74.0,105.0,35.0,10.0,43.0,24.0,95.0,94.0,6.0,87.0,61.0,52.0,18.0,95.0,57.0,44.0,50.0,111.0,48.0,66.0,62.0,99.0,47.0,108.0,54.0,65.0,15.0,30.0,58.0,29.0,48.0,60.0,9.0,68.0,42.0,32.0,9.0,55.0,71.0,49.0,43.0,67.0,29.0,26.0,25.0,52.0,49.0,45.0,40.0,47.0,21.0,7.0,39.0,31.0,99.0,56.0,9.0,96.0,176.0,85.0,19.0,237.0,95.0,60.0,28.0,103.0,71.0,37.0,39.0,87.0,81.0,110.0,46.0,113.0,38.0,25.0,58.0,75.0,new
AOCS-095-3-1,67.0,119.0,4.0,80.0,67.0,27.0,11.0,60.0,89.0,45.0,61.0,52.0,42.0,29.0,40.0,37.0,65.0,27.0,47.0,53.0,21.0,7.0,27.0,18.0,72.0,71.0,6.0,77.0,38.0,38.0,4.0,63.0,74.0,189.0,53.0,179.0,108.0,85.0,133.0,160.0,38.0,26.0,30.0,55.0,23.0,18.0,36.0,33.0,56.0,96.0,7.0,53.0,32.0,46.0,1.0,38.0,80.0,60.0,47.0,53.0,29.0,24.0,34.0,35.0,36.0,46.0,15.0,39.0,12.0,17.0,30.0,18.0,49.0,70.0,6.0,85.0,55.0,58.0,10.0,126.0,55.0,70.0,21.0,58.0,39.0,34.0,30.0,59.0,41.0,32.0,18.0,29.0,22.0,13.0,31.0,36.0,new
AOCS-137-3-7,69.0,80.0,10.0,62.0,80.0,61.0,12.0,79.0,70.0,48.0,35.0,78.0,28.0,18.0,30.0,48.0,102.0,53.0,74.0,96.0,10.0,11.0,42.0,30.0,74.0,62.0,10.0,86.0,47.0,51.0,15.0,67.0,67.0,139.0,39.0,120.0,67.0,75.0,90.0,108.0,49.0,57.0,43.0,75.0,14.0,29.0,43.0,39.0,55.0,64.0,7.0,45.0,35.0,109.0,8.0,75.0,91.0,86.0,29.0,59.0,17.0,16.0,19.0,29.0,59.0,73.0,37.0,44.0,14.0,15.0,31.0,11.0,43.0,58.0,4.0,68.0,73.0,71.0,10.0,135.0,50.0,45.0,18.0,72.0,61.0,52.0,25.0,64.0,72.0,78.0,28.0,73.0,33.0,22.0,41.0,52.0,new
AOCS-139-12-5,418.0,400.0,57.0,363.0,297.0,174.0,92.0,306.0,347.0,193.0,269.0,317.0,217.0,149.0,200.0,254.0,308.0,138.0,175.0,281.0,98.0,29.0,120.0,108.0,404.0,344.0,61.0,370.0,159.0,167.0,67.0,266.0,252.0,282.0,186.0,424.0,278.0,272.0,368.0,480.0,182.0,204.0,156.0,216.0,64.0,76.0,130.0,122.0,298.0,361.0,36.0,228.0,144.0,201.0,49.0,298.0,393.0,273.0,187.0,261.0,126.0,122.0,140.0,164.0,122.0,126.0,111.0,156.0,50.0,51.0,134.0,101.0,264.0,293.0,28.0,390.0,313.0,219.0,53.0,557.0,367.0,240.0,141.0,317.0,261.0,197.0,168.0,371.0,228.0,219.0,115.0,239.0,115.0,82.0,152.0,235.0,new
AOCS-139-19-0,418.0,400.0,57.0,363.0,297.0,174.0,92.0,306.0,347.0,193.0,269.0,317.0,217.0,149.0,200.0,254.0,308.0,138.0,175.0,281.0,98.0,29.0,120.0,108.0,404.0,344.0,61.0,370.0,159.0,167.0,67.0,266.0,252.0,282.0,186.0,424.0,278.0,272.0,368.0,480.0,182.0,204.0,156.0,216.0,64.0,76.0,130.0,122.0,298.0,361.0,36.0,228.0,144.0,201.0,49.0,298.0,393.0,273.0,187.0,261.0,126.0,122.0,140.0,164.0,122.0,126.0,111.0,156.0,50.0,51.0,134.0,101.0,264.0,293.0,28.0,390.0,313.0,219.0,53.0,557.0,367.0,240.0,141.0,317.0,261.0,197.0,168.0,371.0,228.0,219.0,115.0,239.0,115.0,82.0,152.0,235.0,new
AOCS-139-6-3,418.0,400.0,57.0,363.0,297.0,174.0,92.0,306.0,347.0,193.0,269.0,317.0,217.0,149.0,200.0,254.0,308.0,138.0,175.0,281.0,98.0,29.0,120.0,108.0,404.0,344.0,61.0,370.0,159.0,167.0,67.0,266.0,252.0,282.0,186.0,424.0,278.0,272.0,368.0,480.0,182.0,204.0,156.0,216.0,64.0,76.0,130.0,122.0,298.0,361.0,36.0,228.0,144.0,201.0,49.0,298.0,393.0,273.0,187.0,261.0,126.0,122.0,140.0,164.0,122.0,126.0,111.0,156.0,50.0,51.0,134.0,101.0,264.0,293.0,28.0,390.0,313.0,219.0,53.0,557.0,367.0,240.0,141.0,317.0,261.0,197.0,168.0,371.0,228.0,219.0,115.0,239.0,115.0,82.0,152.0,235.0,new
