Somatic Mutation Type,Signature 1,Signature 2,Signature 3,Signature 4,Signature 5,Signature 6,Signature 7,Signature 8,Signature 9,Signature 10,Signature 11,Signature 12,Signature 13,Signature 14,Signature 15,Signature 16,Signature 17,Signature 18,Signature 19,Signature 20,Signature 21,Signature 22,Signature 23,Signature 24,Signature 25,Signature 26,Signature 27,Signature 28,Signature 29,Signature 30,Cisplatin: Gallus gallus,Cyclophosphamide: Gallus gallus,Etoposide: Gallus gallus,Cisplatin: C. Elegans wildtype,Cisplatin: C. Elegans fan-1,Cisplatin: C. Elegans fcd-2,Cisplatin: C. Elegans lig-4,Cisplatin: C. Elegans lig-4; fcd-2,Cisplatin: C. Elegans mus-81,Cisplatin: C. Elegans polq-1,Cisplatin: C. Elegans slx-1,Cisplatin: C. Elegans xpf-1
A[C>A]A,0.011098326166,0.000682708227,0.022172306775,0.0365,0.014941547714,0.0017,0.0004,0.036718003777,0.012,0.0007,0.0002,0.0077,0.000334757187,0.0001,0.0013,0.0161,0.001832019172,0.050536418625,0.0107,0.001179961596,0.0001,0.001504070375,0.000453360683,0.028645992536,0.009896768001,0.00203977291,0.005205626909,0.001397438842,0.06998198728,0.0,0.00574356228975,0.0054850369916,0.0145636447489,0.007297167731,0.0122069559846,0.00731735867631,0.0134427260422,0.0106816218884,0.00848862613,0.0167716823605,0.0119543405783,0.00400962071306
A[C>A]C,0.009149340734,0.000619107232,0.017871675353,0.0309,0.008960917997,0.0028,0.0005,0.033245722246,0.0067,0.001,0.001,0.0047,0.000648736139,0.0042,0.004,0.0097,0.000342235622,0.010939824789,0.0074,0.002211505148,0.0007,0.002451011015,0.000366800484,0.020214638433,0.00699892877,0.001487162284,0.004738227415,0.000917187665,0.055152357207,0.0,0.103133671107,0.00681551138354,0.0112633379331,0.00813644475587,0.0100246269434,0.0143585683255,0.0140425550801,0.00761938938184,0.0105059992043,0.0148958723561,0.0147642334135,0.00911814065203
A[C>A]G,0.001490070468,9.9278956e-05,0.002138339617,0.0183,0.002207846012,0.0005,0.0,0.002525311256,0.0005,0.0003,0.0,0.0017,3.8144594e-05,0.0005,0.0,0.0022,1.576225e-06,0.002288072697,0.0005,1.61691e-07,0.0,0.0,0.0,0.020478996485,0.001448442998,0.000283945614,0.000782697937,0.0,0.017846984044,0.0019673,0.000470695783015,0.00108523484904,0.00452628169852,0.00194713087787,0.00217521809488,0.00200422216271,0.00197176599904,0.00179123208602,0.00228265389592,0.00473619045847,0.00205406503989,0.00102294610676
A[C>A]T,0.006233885236,0.000323891363,0.01626514559,0.0243,0.009206905292,0.0019,0.0004,0.033598549516,0.0068,0.0092,0.0002,0.0046,0.00084665846,0.0296,0.0057,0.0088,0.003179664772,0.019424091364,0.0074,0.003008009987,0.0006,0.000922452518,0.0,0.024600145425,0.004966565004,0.000597865638,0.002718242455,0.000513409971,0.026804715973,0.0,0.0234375713861,0.00864247873491,0.00714802902809,0.0104569213744,0.00750107318401,0.0068158584587,0.0114784869116,0.00998045536737,0.00819648790983,0.00741161036796,0.00729165473195,0.0140769510564
A[C>G]A,0.001801068369,0.000263481044,0.024002615202,0.0097,0.011671021651,0.0013,0.0,0.008356844806,0.0048,0.0005,0.0007,0.0031,0.003775165298,0.0001,0.0011,0.0048,0.001661704195,0.00151688758,0.0058,0.00069704107,0.0005,0.00052764404,0.0,0.011993038821,0.008032567646,0.001272881297,0.001324163246,0.000255194996,0.009301971097,0.0,0.002792733131,0.00321218884931,0.0197110109642,0.00724330157075,0.00827696644451,0.0120095615964,0.00721310593171,0.0066711510665,0.00834476249795,0.00792340868847,0.00754082324814,0.00638701129712
A[C>G]C,0.00258090852,0.000269866049,0.012160303668,0.0054,0.007292088583,0.0012,0.0,0.004306380304,0.0023,0.0003,0.0003,0.0015,0.000920824828,0.0,0.0001,0.0024,0.001626898399,0.002498784527,0.0019,0.002059310006,0.0008,0.0,0.0,0.008425119792,0.001635970413,0.001528194862,0.001771084129,0.000268898964,0.003479048871,0.0,0.00230952912007,0.00235435135381,0.00431902292492,0.00858040842728,0.0103905129235,0.00862266114866,0.00857799909063,0.00744859284537,0.0103785183289,0.0152415185766,0.0092353701465,0.00490300968564
A[C>G]G,0.000592548022,0.000219233911,0.005275419458,0.0031,0.002303839151,0.0,0.0,0.000584415303,0.0,0.0,0.0,0.0,1.9890489e-05,0.0,0.0006,0.0,2.5801897e-05,0.002614508983,0.0,1.2734958e-05,0.0,0.0,0.0,0.0,0.0,0.000307246308,0.0,0.0,0.000154433523,0.00482,0.000299998727128,0.00108182391183,0.0047593966914,0.00199619297375,0.00213249584209,0.00189499738282,0.00191743509262,0.00180690595243,0.00233567099692,0.00211383920203,0.00207649995481,0.00170145654621
A[C>G]T,0.002963986287,0.000610973492,0.023277656342,0.0054,0.011696245747,0.0018,0.0001,0.008634906912,0.0038,0.0002,0.0009,0.0025,0.003860632488,0.0001,0.001,0.0073,0.001328507581,0.00398301117,0.0072,0.000848587116,0.0018,0.000299454735,0.0,0.003881383185,0.003428449701,0.002498251826,0.001322719819,0.000307698016,0.003976789927,0.0,0.00385845574149,0.00367220465334,0.00992497268448,0.0116566983977,0.00766716450656,0.0070915296609,0.00651369945647,0.00617642077259,0.00771735939636,0.011051348698,0.00712855283088,0.00619106317876
A[C>T]A,0.029514532745,0.007441556817,0.017872170732,0.012,0.021839187574,0.0312,0.0,0.018066687156,0.0093,0.0,0.0225,0.0121,0.001480180764,0.0293,0.0117,0.0135,0.009350488403,0.003825623912,0.0221,0.032858047272,0.0051,0.003113389695,0.019767154372,0.006315518136,0.020987618053,0.005907232039,0.013723285787,0.005433792471,0.005197221326,0.065119,0.00179367424661,0.010668860326,0.00703862554022,0.00733294889596,0.00786646186859,0.00708022207182,0.0151983758605,0.00664184187155,0.0138781358466,0.00770169907382,0.00753071498873,0.00394840320695
A[C>T]C,0.014322747041,0.002726312428,0.008896034323,0.0075,0.012756105638,0.0163,0.0197,0.005650015029,0.0056,0.0032,0.1099,0.0054,4.0508707e-05,0.0321,0.0169,0.0076,0.004224289013,0.002465214261,0.0203,0.022196046913,0.0062,0.00152486029,0.081880579925,0.003844326917,0.013141283697,0.010626457816,0.005424306001,0.001815415488,0.00897646999,0.054397,0.00585082984369,0.0261431326124,0.0177737578689,0.0148754266267,0.00964569126751,0.01776181686,0.0149241239423,0.0078280264286,0.010182312232,0.00946095584502,0.00899709455999,0.00457525640369
A[C>T]G,0.171646931305,0.003322083281,0.00357270835,0.0028,0.016760177116,0.0908,0.0001,0.019265105465,0.0125,0.0126,0.0072,0.0019,0.000316594671,0.0496,0.0309,0.0035,0.009229213313,0.008463956886,0.0368,0.034572014703,0.0256,0.003625641201,0.009248715085,0.003110664425,0.019659894285,0.019930323239,0.006706429454,0.005432039331,0.03163899636,0.0204604,0.000674718128828,0.00238270582567,0.0191712617831,0.00197860488995,0.0022473082933,0.00191049261406,0.00290190231317,0.00185825430657,0.00237292208653,0.00226001059959,0.00211694056384,0.00263109521698
A[C>T]T,0.012623763151,0.003326528417,0.014797612209,0.0059,0.016477954692,0.0149,0.0043,0.020805967497,0.0076,0.0047,0.0639,0.0067,0.0,0.0277,0.0066,0.0101,0.005735961173,0.005605739927,0.0266,0.018819559611,0.003,0.0,0.033209652209,0.003420418673,0.005728519312,0.011334530552,0.004475614034,0.001629213189,0.004769666594,0.0219359,0.00181520270627,0.0192313911015,0.009185000743,0.00687023127369,0.00764906819866,0.00660587647783,0.0127464561584,0.00649320363746,0.0134328976776,0.00744878300486,0.00712741043328,0.00524887021442
A[T>A]A,0.004021520333,1.32377e-07,0.008428563566,0.0048,0.008902904323,0.0006,0.001,0.013365082811,0.0121,0.0,0.0002,0.0058,0.001243618346,0.0,0.0021,0.0081,0.00061300245,0.003037210804,0.0011,0.000574401358,0.0083,0.049619229712,0.0,0.001166747126,0.020430527125,0.004459339879,0.143076389009,0.000964030891,0.0,0.0075743,0.00680895952274,0.012690670072,0.0104049800735,0.00991928487864,0.00745987076101,0.0153247101029,0.010729553315,0.00572575588293,0.00775445267366,0.0151335912046,0.0110547249199,0.0079916802284
A[T>A]C,0.002371144163,0.000113069562,0.00737309667,0.0039,0.007399202496,0.0033,0.0008,0.012431202077,0.0042,0.0002,0.0001,0.0065,0.001060001878,0.0008,0.009,0.0073,0.001878587472,0.000811167214,0.0053,0.001971462059,0.0292,0.011666740464,0.0,1.5173057e-05,0.008892560661,0.012822242916,0.001464085387,0.003365667809,0.003049595749,0.003738,0.042434937342,0.00857726476485,0.00774167151483,0.00533361941097,0.00591426463702,0.00871661555361,0.00523584701839,0.00684099964631,0.00644903436037,0.00573987368032,0.00554141830649,0.00662905922977
A[T>A]G,0.002810909959,0.000532929416,0.00735730002,0.01,0.011508051457,0.0,0.0009,0.014036657067,0.0068,0.0,0.0007,0.0046,0.00010255436,0.0,0.0009,0.008,0.001087349685,0.004503207138,0.0045,0.000190586616,0.0027,0.067915454213,0.000237418521,0.006332455573,0.00624194848,0.001172344272,0.001226280897,0.00178575365,0.003909981984,0.0065906,0.00426780606741,0.0174264493671,0.00382643093523,0.00717528317741,0.00802224496207,0.00680228215572,0.0118289379315,0.00999422650908,0.00846396008864,0.0119902322548,0.0114902251322,0.00390257099829
A[T>A]T,0.008360909345,0.000149110959,0.008753938991,0.003,0.011193623195,0.0053,0.0035,0.024109916596,0.0185,0.0012,0.0003,0.006,0.000971812099,0.0009,0.0079,0.0084,0.002045493651,0.002736523185,0.0033,0.007421103528,0.0043,0.01459991758,0.0,4.967216e-06,0.014850877622,0.003993137549,0.002535197951,0.0056530891,0.005105527437,0.0093447,0.0035350555923,0.0315149422013,0.00631073014858,0.00719926027352,0.00808264841526,0.00606982902011,0.00919513603582,0.0124297254961,0.00526920207995,0.00790829100634,0.00470619140924,0.00404498120579
A[T>C]A,0.01391577303,0.001303509558,0.013035709432,0.0084,0.035366735114,0.0075,0.0005,0.016206510101,0.0252,0.0031,0.0006,0.0466,0.000549454166,0.0026,0.0115,0.0717,0.002697314025,0.002933053644,0.0145,0.016395062964,0.0265,0.016839930949,0.00106844882,0.004726009142,0.020663282773,0.055028652133,0.005047301081,0.004092746888,0.010119181163,0.0,0.00218088972543,0.00349198296325,0.0118562924333,0.0163208509082,0.0071509569338,0.0105321632307,0.00605850382705,0.00554322451687,0.00749050089216,0.0208242123327,0.00683686765835,0.0056034281675
A[T>C]C,0.0062749606,0.000425576677,0.00918628969,0.002,0.013771102129,0.0056,0.0001,0.00778780282,0.0105,0.0052,0.0015,0.0317,0.000145506661,0.0046,0.0073,0.0171,0.008078150072,0.001513284763,0.0048,0.019251793639,0.0165,0.001108262382,0.000221573159,0.000627949341,0.009502478424,0.027594604208,0.001845691228,0.007880729211,0.006349682655,0.0087547,0.00470896072383,0.00906736596525,0.0212154074116,0.00523647993885,0.00614256961135,0.00517560416412,0.00520978803667,0.00485025211775,0.00633980295773,0.00576419930803,0.00559174279641,0.00675669207386
A[T>C]G,0.010137636154,0.000575473007,0.011716920077,0.0081,0.028449051657,0.0217,0.0007,0.009852583553,0.0176,0.0026,0.0008,0.0487,0.000279178024,0.0035,0.0073,0.0348,0.004432870698,0.003329668955,0.0135,0.054784918009,0.0224,0.004913616405,0.000498801514,0.002723758627,0.019911492456,0.05179104405,0.005688813879,0.005520833604,0.014659610308,0.0090498,0.00105561505812,0.0096888005868,0.0195411105531,0.00720691811392,0.00781634319789,0.00720177616906,0.00704369672075,0.00647952840912,0.00852609437732,0.00744290025458,0.00723270905957,0.00580209766312
A[T>C]T,0.009256316389,0.001488164093,0.016978870798,0.0036,0.027302974158,0.0023,0.0011,0.021829463826,0.0247,0.004,0.0003,0.025,0.000267461432,0.0025,0.0063,0.0497,0.003140370209,0.005491317771,0.016,0.007341269916,0.0189,0.002630523933,0.000313240541,0.00712236847,0.014488390255,0.039072244419,0.002592754577,0.003232484,0.007892413403,0.0,0.00208810810179,0.00976013194484,0.0444780926631,0.00461322688293,0.00502556116269,0.00459533060375,0.00768407133435,0.00657372226017,0.00832701876228,0.00500634439163,0.0111037757665,0.00258450813892
A[T>G]A,0.001587636423,3.3718411e-05,0.002351368076,0.0,0.003462151975,0.0,0.0,0.004219719284,0.0335,0.0,0.0,0.0012,0.00038619979,0.0,0.0,0.0052,5.3139249e-05,0.000386138197,0.0014,1.765291e-06,0.0,0.001651998615,0.0,0.0,0.005281679682,8.0653426e-05,0.001136337392,0.006364675555,0.0,0.0053118,0.001871425371,0.00305576545729,0.00481903581698,0.00656171134566,0.00717253181408,0.00651161081701,0.00649869597978,0.00621676360072,0.00763487495571,0.00732208764653,0.00670443027277,0.0034575652742
A[T>G]C,0.001784091288,2.4844826e-05,0.001464231129,0.0002,0.002246592659,0.0017,0.0,0.000793671329,0.0051,0.004,0.0,0.001,0.000112383214,0.002,0.0006,0.0042,0.006468661271,0.00125498208,0.0,0.000381387913,0.0031,0.0,0.0,0.001463950688,0.0,0.00016317121,0.00095897638,0.016610905647,0.0,0.0024592,0.00107614102884,0.00373938355874,0.0039992857199,0.00523318406427,0.00593436625416,0.00539264011999,0.00522672671339,0.00754662489292,0.00626005194289,0.00565159296895,0.00573225708673,0.00283771476097
A[T>G]G,0.001385830552,0.000273454078,0.009053777642,0.0015,0.005490216837,0.0007,0.0009,0.006865800374,0.0052,0.0015,0.0001,0.0018,3.6000696e-05,0.0007,0.0012,0.0061,0.003481549012,0.002369216073,0.001,0.000658758087,0.0016,0.001086872758,0.0,0.00084761253,0.007136421644,0.001255079507,6.766061e-05,0.006592842245,0.002925171448,0.0062955,0.00562757664648,0.00420080009905,0.00603634543363,0.00671819672325,0.00761053931124,0.00716262417324,0.00674537890973,0.0103963261425,0.00818359805343,0.0122218695734,0.00721288731618,0.0175279917473
A[T>G]T,0.003158539312,0.000217694872,0.007030976419,0.0002,0.003821226712,0.0029,0.0,0.002939922259,0.0193,0.0137,0.0,0.003,0.000192493754,0.0056,0.0029,0.0076,0.030926375169,0.000338602881,0.0017,0.000532125222,0.0018,0.0,0.0,0.001075455294,0.0,0.001850383492,0.000256027748,0.086392897435,0.0,0.0095416,0.000918863554382,0.00426848806917,0.0114026895265,0.00486220349013,0.00493519456392,0.00444317142486,0.00474151220766,0.00418708787202,0.00504582810498,0.00780782018381,0.00475538171188,0.00391858059316
C[C>A]A,0.006595870109,0.000677444988,0.018781725573,0.0461,0.00967490433,0.0101,0.0012,0.03172375659,0.0098,0.0031,0.0007,0.0135,0.001710089561,0.0056,0.0106,0.0159,0.001032430218,0.088768108819,0.0112,0.017377110647,0.002,0.004549692944,0.000164739382,0.063559283793,0.014832947875,0.003705850083,0.005065073268,0.001168515637,0.051410211701,0.0,0.0219830155506,0.00422774722745,0.0137610438769,0.014198656256,0.0110246410713,0.0232378237458,0.0162503510414,0.0258499121876,0.010475769668,0.0100964915524,0.0156721601752,0.0459584937143
C[C>A]C,0.007342367815,0.000213681013,0.015760457842,0.0614,0.004952300642,0.0241,0.0006,0.025505407135,0.0057,0.0009,0.0017,0.0112,0.001159256581,0.0102,0.0084,0.01,0.000421880127,0.020641390557,0.0159,0.036502462984,0.0014,0.003764473854,0.000736874802,0.033757004716,0.007822175302,0.003980723373,0.002234153344,0.000334291811,0.025825650831,0.0,0.0645831872381,0.00353281307536,0.004252908695,0.136325524993,0.0712534195948,0.0255996470635,0.105826193212,0.111427492875,0.041039869302,0.0559696661494,0.0845071788447,0.059582940154
C[C>A]G,0.00089284037,6.77046e-06,0.001963389846,0.0088,0.002800627307,0.0091,0.0,0.001159624303,0.0,0.0007,0.001,0.0028,0.000244166533,0.0009,0.0015,0.0022,0.000297462769,0.01717840248,0.0018,0.012482587542,0.0027,0.000900163331,0.000163953661,0.022428985806,0.001276976732,0.00081174197,0.000266312161,5.3651998e-05,0.014496183324,0.0022624,0.000996319746063,0.00231032244165,0.00636519801925,0.00270818461063,0.00304265251603,0.00660962389975,0.00267790376986,0.00245010342805,0.00319206516052,0.00295909549586,0.00289379486578,0.00935911524203
C[C>A]T,0.007186581642,0.000416332906,0.014722861126,0.0432,0.011013465824,0.0571,0.0013,0.028791172971,0.0091,0.016,0.0014,0.0071,0.001256768244,0.1257,0.0228,0.0084,3.1479429e-05,0.037676958929,0.0096,0.103401226249,0.0056,0.004439846231,0.000722731835,0.020086515438,0.012563654719,0.019038431345,0.003100570009,0.000186671902,0.040355074099,0.0,0.0216565582762,0.00708397717502,0.00916721435511,0.0380381790255,0.0529025624437,0.120879024818,0.0665602851326,0.0775586799039,0.0874237252429,0.0634143636845,0.0873033949211,0.159838341725
C[C>G]A,0.001284983446,2.7772077e-05,0.016832571989,0.0105,0.007537523174,0.0,0.0001,0.006619077216,0.0018,0.0,0.0,0.0019,0.005333651375,0.0,0.0009,0.004,0.001924978751,0.000458463822,0.0002,1.331626e-05,0.0001,0.000582017663,0.000199049174,0.013476821609,0.00720079041,0.001279106069,0.004730649426,0.000103366092,0.002618863169,0.0,0.0047058119584,0.00267211963827,0.00726045886689,0.00934441631065,0.0105568135792,0.00927706006728,0.0094211228544,0.00811286835388,0.0108867172451,0.010185792442,0.0098060966774,0.00518015364734
C[C>G]C,0.000702134818,0.000279643862,0.013531441527,0.0097,0.007633226665,0.0,0.0004,0.006077702895,0.002,0.0,0.0002,0.0019,0.000912303471,0.0,0.0003,0.005,0.000709367774,0.00365422833,0.0028,0.000548144708,0.0,0.000825299647,0.000283776026,0.016105687737,0.004598473117,0.001214977303,0.001261644842,0.000144310792,0.00111151227,0.0,0.0033411328853,0.00157635611324,0.00436592857943,0.0148410151701,0.0268471220929,0.0151594781093,0.0143085406982,0.013636387847,0.0182314923909,0.0168563292483,0.0148519207073,0.00800924067918
C[C>G]G,0.000506289594,1.9161576e-05,0.004176457524,0.0063,0.002613760399,0.0,0.0006,0.000656033433,0.0,0.0,0.0008,0.0,0.000285467331,0.0,0.0004,0.0028,3.517869e-06,0.005405774245,0.0002,0.0,0.0,0.000382114636,0.0,0.000797471998,0.000823709283,0.000207832588,0.000360856587,0.0,0.00152004695,0.0032461,0.00101342246236,0.00134379887043,0.00658873356684,0.00272312951416,0.00298447478201,0.00258936261113,0.00261512920005,0.00246352026942,0.00310363170534,0.00289851389256,0.00269621901681,0.0014484511486
C[C>G]T,0.001381542722,0.000312781573,0.024046390424,0.0094,0.009417097876,0.0002,0.0003,0.007805026957,0.0039,0.0,0.0002,0.0019,0.006383097568,0.0,0.0017,0.008,0.000953776334,0.00551960482,0.0008,0.000120730556,0.0003,0.001760645911,0.000195775338,0.010388665882,0.000196360325,0.002297026211,0.00026802623,0.000290999509,0.000139750691,0.0,0.00288028571585,0.00156264144793,0.00655885709023,0.0140323898815,0.0150098981126,0.0134967925859,0.0130619461105,0.0127780767522,0.0250540895194,0.0150081000885,0.0139714368516,0.0118465578275
C[C>T]A,0.020896446965,0.015019506931,0.014395059491,0.021,0.022769209355,0.0085,0.0754,0.004865810021,0.0098,0.0012,0.031,0.0187,0.003647278451,0.006,0.0051,0.021,0.021265205902,0.009767511475,0.0438,0.011145185306,0.0034,0.007731349522,0.060572627805,0.006035447394,0.014333994691,0.006594444885,0.017438484778,0.004391532554,0.009126471767,0.0694472,0.00515719627703,0.0149335439001,0.0162592707732,0.00949771802353,0.0100013955852,0.0135816549901,0.0140787330897,0.0132967383375,0.0156096044572,0.0101127536274,0.00976689654667,0.00828576026576
C[C>T]C,0.01850170477,0.003516918098,0.008544781192,0.0144,0.017509476305,0.0099,0.1007,0.003980150431,0.0069,0.0024,0.1518,0.0094,0.001004229295,0.0167,0.0088,0.0098,0.003847235312,0.005654828462,0.0753,0.018152746866,0.0091,0.007110850526,0.186375634076,0.0,0.005936643659,0.006510631971,0.007144870207,0.002647660966,0.007067603037,0.0638403,0.00646672468069,0.0381824500808,0.00565658301596,0.0146400742907,0.016622355501,0.0222409827288,0.0207323015146,0.0135362273106,0.018124044645,0.0159108660362,0.0244827995066,0.0383686384808
C[C>T]G,0.095577217268,0.004979275715,0.00351846584,0.0076,0.012862237589,0.0901,0.0208,0.008338639182,0.0076,0.0109,0.0135,0.0046,0.000129202148,0.0293,0.0155,0.0016,0.013176112314,0.016183222964,0.0238,0.044384942487,0.0318,0.005502030965,0.015149082593,0.002924419074,0.011559391627,0.011904935324,0.007503561655,0.002284563551,0.019875180409,0.0173126,0.00116930008396,0.00716381276311,0.0230157859271,0.00273380198544,0.00301930431189,0.0027055860911,0.00281065987648,0.00250578361644,0.00323849206198,0.00660040143827,0.00287126954121,0.00154400321375
C[C>T]T,0.017113307642,0.008956552775,0.016075545712,0.0201,0.020429513385,0.0087,0.0788,0.018843627434,0.0097,0.0043,0.0816,0.0205,0.00061176997,0.0186,0.0096,0.0211,0.009648025316,0.005153318613,0.1159,0.013847136214,0.004,0.004169777241,0.156015396977,0.003971201575,0.013632596885,0.006238556327,0.007148027702,0.002423984267,0.001634058687,0.0342318,0.0066313639884,0.0193913706512,0.00846924214564,0.0136449909809,0.0227830786241,0.0198807876926,0.0224669737793,0.035783633246,0.0166347595559,0.0202258046845,0.0219013842748,0.01647171151
C[T>A]A,0.001182587416,0.000154598981,0.00757132026,0.0075,0.005043163511,0.0001,0.0,0.012024217522,0.0055,0.0,0.0004,0.0017,0.000285158991,0.0,0.0016,0.0054,3.0079241e-05,0.000412346353,0.0043,4.5042364e-05,0.0,0.086898545516,0.000594528453,0.002766634838,0.026296323089,0.003561422681,0.330601017471,0.002566579967,0.001765447503,0.0053118,0.0222692960311,0.0171456331131,0.00454137385391,0.00819432565109,0.0140973373098,0.00798307707043,0.00783511440259,0.00757475550561,0.00962369632508,0.0135304180647,0.00810263581767,0.0132037479261
C[T>A]C,0.001903166857,0.000464019028,0.012725463528,0.0111,0.006208843676,0.0026,0.0014,0.017881092423,0.0049,0.0001,0.0011,0.0086,0.000222287328,0.0034,0.0043,0.0128,0.010223747696,0.00249141131,0.0053,0.004389055645,0.0037,0.053706846809,0.0,0.002694462454,0.015799883085,0.003901610981,0.002813598808,0.019610897429,0.000383359117,0.0067873,0.0157026423924,0.0267236553514,0.0160053758592,0.00895037546312,0.00976245118924,0.0146623271292,0.0189022920774,0.0236212198411,0.0105335557526,0.00912722684048,0.0210992901457,0.0266137923478
C[T>A]G,0.00148796063,0.000230409809,0.011508561865,0.0342,0.01050756897,0.0008,0.0007,0.016356774533,0.0051,0.0003,0.0006,0.0031,0.000286951828,0.0002,0.0027,0.013,0.004467036232,0.005523045713,0.0021,0.001127835842,0.0025,0.213220866558,0.0001731204,0.006911164721,0.062860606381,0.00239030418,0.004396857083,0.008833600032,0.003556845215,0.0082628,0.0169031422609,0.0360744267348,0.0075057551752,0.0113415741924,0.0122451530943,0.0263089886956,0.0109184970231,0.0230959224951,0.0128491830108,0.0124236854805,0.0110721341852,0.00556534670875
C[T>A]T,0.002179344412,0.000574885587,0.016456177696,0.0115,0.009784640746,0.0011,0.0018,0.026247801917,0.0069,0.0009,0.0004,0.0054,8.00446e-07,0.002,0.0007,0.0096,0.031244883388,0.003313713273,0.0022,0.002385541321,0.001,0.061827507476,0.000457813099,0.002915200165,0.036622351112,0.001635922667,0.005430891633,0.01094260982,0.002232755492,0.0,0.0145416351313,0.0940646908089,0.0159971363262,0.0243483408695,0.0126595558171,0.00717054255446,0.0116512444292,0.00647791079573,0.00840782618472,0.00820991584305,0.00738509610381,0.00921988465716
C[T>C]A,0.004176674882,0.000546619204,0.007895012611,0.0052,0.014238629786,0.0062,0.001,0.005173842417,0.0154,0.0005,0.0001,0.0312,4.2751466e-05,0.0006,0.0032,0.0146,0.007426999646,0.00019216932,0.0066,0.014867696528,0.0219,0.004027346334,0.0,0.001848876535,0.009028014894,0.037889377691,0.004899079238,0.020738003352,0.0,0.0,0.00303756131231,0.00462324243509,0.0134846344431,0.0078505794008,0.0123380062939,0.00805374696061,0.00846170320162,0.00702711881343,0.00947929692034,0.00836107515858,0.00805779326112,0.0166528840837
C[T>C]C,0.005252593331,0.000392332573,0.014431170362,0.0026,0.01248950044,0.004,0.0008,0.010936893768,0.0118,0.0019,0.0004,0.0385,4.3307542e-05,0.0053,0.005,0.0194,0.039657001207,0.003050192581,0.007,0.018356161025,0.01,0.001352443929,0.0,0.004453689857,0.01077163242,0.021740734953,0.005724448467,0.043283797246,0.002774953681,0.0,0.00531806132189,0.00437792918666,0.0098422703996,0.0153154559059,0.00928695958022,0.0149708925652,0.0152428376972,0.0192919678603,0.0104470467677,0.0152083705105,0.0146060411903,0.0189298286649
C[T>C]G,0.00701322531,0.000362024508,0.008422972144,0.01,0.018741631229,0.027,0.001,0.005657773602,0.0154,0.0015,0.0001,0.0415,5.4272534e-05,0.0016,0.0128,0.019,0.028609696263,0.002596464193,0.004,0.074150562563,0.0211,0.002749666137,0.000320704886,0.0,0.01335066131,0.047240103343,0.005661478992,0.037088261728,0.006902414709,0.0,0.00615808172683,0.00397212156238,0.00642598167338,0.0107511669082,0.0121571537898,0.0105454439464,0.0104276489181,0.0162274215093,0.030148721778,0.0122715521545,0.0115241347063,0.00962851781833
C[T>C]T,0.006713813119,0.000560900126,0.011932430465,0.0054,0.019054082944,0.0033,0.0045,0.011120389322,0.0275,0.002,0.0009,0.0324,7.63944e-07,0.0027,0.0035,0.0263,0.101869657701,0.001310028744,0.0053,0.011001118253,0.0204,0.002363353537,0.0,0.001597389007,0.008961029966,0.020740621431,0.003900589062,0.005052716018,0.003041424895,0.0,0.00707293310092,0.0145648055992,0.0328398062033,0.0122683402049,0.0277605797509,0.0167366877827,0.0116189878973,0.0101986401171,0.0120526917022,0.0078139490233,0.0120865905075,0.0114283329711
C[T>G]A,0.000302691186,0.000113784603,0.001974181146,0.0,0.002041648941,0.0001,0.0,0.002424050552,0.0216,0.0022,0.0,0.0013,1.5094208e-05,0.0,0.0,0.0002,9.1469787e-05,6.1002548e-05,0.0,2.3264084e-05,0.0,0.001120356515,0.0,0.0,0.0,9.539626e-05,0.0,0.009589841941,0.001116854814,0.0046233,0.00527218089683,0.0147338523667,0.0109392068647,0.00826424253613,0.0090501108705,0.00766597662831,0.00763566166103,0.0115712454674,0.00930952366899,0.00855688557635,0.00846680071617,0.00484590725721
C[T>G]C,0.00209850244,2.2095087e-05,0.005824295545,0.0013,0.003478502118,0.004,0.0008,0.002096210616,0.0064,0.0018,0.0001,0.0049,0.00014762484,0.002,0.0019,0.0082,0.019814293551,0.002015696913,0.0011,0.008476494525,0.0005,0.001064583571,0.000190144342,0.002185437348,0.002886454337,0.0039194551,0.000381244984,0.033913223722,0.0,0.0060004,0.00194424795868,0.00372132383084,0.00682169966413,0.00908315577103,0.0101161597459,0.0091933236284,0.00872528397982,0.00829768642526,0.0105951803106,0.00960836611102,0.00911742054806,0.00782499766247
C[T>G]G,0.0015995485,0.000228245948,0.010464654525,0.0046,0.007147456226,0.005,0.0009,0.006604046294,0.0126,0.0037,0.0011,0.0045,4.59873e-05,0.0005,0.0007,0.0067,0.013449837633,0.005311967254,0.0013,0.015383776115,0.0004,0.004188568126,0.0,0.000113909674,0.011769492499,0.005497357314,0.000403257236,0.018516481606,0.002169693346,0.0073775,0.0110341619398,0.00564513435212,0.00749399655467,0.0110780902707,0.0120096805983,0.0102321745088,0.0110612697404,0.00955258650475,0.0126007045699,0.0118176361704,0.0114999029304,0.00970504063536
C[T>G]T,0.002758537619,6.711134e-05,0.008724387302,0.0012,0.011486811509,0.0086,0.0013,0.004866713859,0.0509,0.0182,0.0009,0.0063,0.000463714722,0.0063,0.0045,0.0186,0.261456614079,0.002341629178,0.0019,0.002185394659,0.0032,0.001629409573,0.00021083498,0.002533718333,0.008550807482,0.006788718691,0.001439096069,0.118967102954,0.001143663251,0.0091481,0.00257634155088,0.0211252110927,0.00569049361473,0.00724949867483,0.00779895125427,0.00710772897762,0.00702325651063,0.00638759247414,0.00834411941081,0.00769647459002,0.00743973301211,0.00910178710405
G[C>A]A,0.008232603989,0.000352013353,0.009696539676,0.0376,0.011892168979,0.0024,0.0003,0.023682328869,0.0118,0.0014,0.0004,0.0062,0.000132109643,0.0018,0.0024,0.0096,0.006535404875,0.12872415808,0.0032,0.001116123789,0.0001,0.001298370161,0.000349907495,0.054676448679,0.013465295053,0.001375311846,0.010755871858,0.002136629077,0.078046610108,0.008853,0.00865438300782,0.00201052633606,0.0140568110058,0.00791997224074,0.0142291797601,0.00808799953169,0.00784975852318,0.00737918571049,0.00942227381761,0.0139288158082,0.00870283620151,0.00705717376109
G[C>A]C,0.00575802141,0.000133816879,0.010843341116,0.0399,0.009247857495,0.0058,0.0001,0.015821896445,0.0092,0.0022,0.001,0.0056,0.000754244011,0.0114,0.0099,0.0094,0.001293803953,0.016092878663,0.0031,0.003271428605,0.0038,0.001809622152,0.000568337772,0.109945988997,0.006468298058,0.001961639088,0.012442335117,0.000429208379,0.073460914669,0.0093449,0.144093290341,0.00209648465083,0.00775030181582,0.0261733406254,0.024244267621,0.0485970331304,0.011583383883,0.0104809756274,0.0138652054042,0.0286500724754,0.0195278629495,0.0145864386062
G[C>A]G,0.000616335232,0.00017844166,0.000929140538,0.0227,0.002809188466,0.0021,0.0,0.000850913754,0.0,0.0002,0.0,0.0015,9.6820775e-05,0.0011,0.0013,0.0036,0.001283663378,0.009271416762,0.0,0.003751612508,0.0003,0.000333838055,0.000149417834,0.04652486901,0.000658103089,1.3229664e-05,0.001629628347,0.0,0.017383296915,0.0008853,0.00196309657619,0.00209064759,0.00335446549477,0.00289983046398,0.00487626323322,0.00470478341049,0.00283353198802,0.00247730602983,0.00330304967209,0.00314072505498,0.0029604838709,0.00253981803837
G[C>A]T,0.004459080311,0.000122832046,0.012215382639,0.0258,0.010301267456,0.0087,0.0001,0.021061235802,0.0085,0.0088,0.0006,0.0027,0.000551103672,0.0736,0.0309,0.0063,0.003103766672,0.072017070126,0.0072,0.01293719445,0.0023,0.000519148161,0.0,0.050428709482,0.010473080347,0.001934996293,0.007412355152,0.001318507256,0.059602472118,0.0081645,0.0227788729374,0.00329760153762,0.00951519654842,0.0310570092509,0.0434263196058,0.00895605480852,0.0131627008572,0.00784298504493,0.0105424685748,0.00977510437345,0.0285637499575,0.0145709100377
G[C>G]A,0.000602122711,4.4838514e-05,0.011916844569,0.007,0.005559423089,0.0,0.0,0.003724567946,0.0011,0.0,0.0,0.0012,0.001349419584,0.0002,0.0022,0.0031,0.001296324191,0.000923879703,0.002,0.001339769321,0.0004,0.0,0.0,0.004945060708,0.004169655524,0.001320607475,0.001418166387,8.1591411e-05,0.000265759858,0.0073775,0.00433691982822,0.00237142098255,0.00680610980763,0.00837709949577,0.00912875913155,0.00824845579766,0.00842211120951,0.0119386552747,0.00958239151096,0.0142703762101,0.0141892326516,0.00457621991842
G[C>G]C,0.002393352209,1.4520103e-05,0.009823653397,0.0091,0.005388801221,0.003,0.0004,0.003046596953,0.0029,0.0002,0.0002,0.0011,0.000788807743,0.0001,0.0005,0.0032,0.000260760911,0.000648647922,0.0,0.001811151475,0.0042,0.0,0.000137501074,0.009369875774,0.002392804944,0.001845501071,0.001346716782,0.000105219031,0.000945012884,0.0065906,0.0101348305265,0.00165000719429,0.00455602687128,0.018030712482,0.0128803758006,0.0113443550323,0.011912655112,0.0105777026874,0.0137668554088,0.0130834917194,0.0121260906052,0.0104999460647
G[C>G]G,2.48534e-07,4.0665889e-05,0.00167105425,0.0062,0.001100589633,0.0,0.0,0.000321212793,0.0,0.0,0.0,0.0,8.1791214e-05,0.0,0.0006,0.0,4.377552e-06,0.000542839968,0.0,6.37538e-07,0.0,0.000214695851,0.0,0.00562572654,0.000418193916,0.000205060777,0.0,0.0,0.0,0.0015739,0.000619699748621,0.00120056704054,0.00596493707508,0.00281297099875,0.00307042553433,0.00279863936974,0.00284409297663,0.00580348409035,0.00332615121321,0.00305081274813,0.00293797519457,0.00257394040428
G[C>G]T,0.000890080731,0.000268429459,0.017914334306,0.006,0.006041247837,0.0017,0.0,0.005775663598,0.0044,0.0004,0.0,0.0009,0.002680123244,0.0003,0.0018,0.0029,0.001820392786,0.001376724888,0.0,0.001238264182,0.0004,0.000538438803,0.0,0.003055770064,0.001994012217,0.001225532856,0.004560685974,0.000159679354,0.004796744744,0.0,0.00159069463563,0.00651151597962,0.00685704090435,0.00910175547669,0.00990577289421,0.0145948089635,0.0145571792058,0.0132635114591,0.0164371996549,0.009736880699,0.00938362263019,0.00775000796815
G[C>T]A,0.024943814154,0.006390807876,0.016127273332,0.0087,0.020038258645,0.0653,0.0,0.002261262686,0.0062,0.0,0.0261,0.0124,0.002934137577,0.0557,0.0476,0.0125,0.002068754725,0.002703068727,0.0374,0.056793947985,0.0163,0.001915370854,0.053282058965,0.023679051295,0.010038112013,0.009606515027,0.014215313743,0.003384240869,0.011638793032,0.0485934,0.00477285502645,0.00587948423218,0.0133662642707,0.00846882995112,0.0142357139635,0.0109720699141,0.00758170804522,0.0072046648217,0.00955598470208,0.00893093752534,0.00819621142077,0.00703495419943
G[C>T]C,0.027161494035,0.001995816784,0.008208632437,0.008,0.018022312238,0.0773,0.021,0.001616649187,0.0069,0.0134,0.0975,0.0092,0.002515171146,0.0618,0.1345,0.0092,0.000325483399,0.004199307536,0.0614,0.05442985727,0.0392,0.003229133547,0.162918343743,0.01591920184,0.006953875155,0.01950742672,0.020143646182,0.001687414029,0.003781751661,0.0494787,0.00753444516791,0.0264249200144,0.0183551894023,0.0168257686547,0.012790886429,0.0116191498168,0.0186879205134,0.0162290500561,0.0140243898135,0.020292280048,0.0128847831117,0.0248093797922
G[C>T]G,0.103570762296,0.000303020977,0.001212922866,0.0023,0.013193817648,0.1339,0.0002,0.0116067116,0.0088,0.027,0.009,0.0023,0.00320526455,0.0978,0.1829,0.0009,0.007511101358,0.011897360825,0.0278,0.004592688609,0.0019,0.003300598879,0.013046494744,0.012648077606,0.010468363027,0.022502717383,0.009368468496,0.00218930896,0.019684388045,0.0157387,0.00148329471728,0.00378510764314,0.0264365290593,0.00288206547591,0.00308313420721,0.00268038640935,0.00281386912056,0.00271652680137,0.00319425057521,0.00485336153267,0.00295734550251,0.0016191311794
G[C>T]T,0.017689854381,0.003265818188,0.010611649208,0.0082,0.019502915335,0.0524,0.0161,0.006284928996,0.0101,0.0152,0.0522,0.0115,0.001687730545,0.0555,0.08,0.0116,0.000925697167,0.001913380905,0.0917,0.049580863753,0.0166,0.00111405957,0.107590399754,0.018129778378,0.009823820735,0.017307472184,0.00758962595,0.001043993631,0.005761336823,0.0188865,0.00733208999857,0.0149341461688,0.0200518884883,0.00906978824419,0.0101228368936,0.00879402765351,0.0144076122507,0.00821807678995,0.017007205295,0.0100597757591,0.0213034780079,0.023100339636
G[T>A]A,0.000689289439,0.00011499421,0.004434782559,0.0069,0.006740387717,0.0,0.0,0.008139178608,0.003,0.0,0.0003,0.0015,0.000137960405,0.0,0.0,0.003,8.545689e-06,0.001875434081,0.0026,0.000163129836,0.0,0.053709145693,0.0,0.002225127336,0.036217800837,0.002242886513,0.10985187198,0.000551460783,0.002930098053,0.003738,0.00155129981629,0.0172379805855,0.00811652678881,0.011233919613,0.00721869819802,0.00644666690149,0.0105026217031,0.0060300633234,0.00743579402724,0.0107085894082,0.00704761816712,0.00345105886459
G[T>A]C,0.000552409528,0.00029386206,0.005615432411,0.0052,0.00402159648,0.0028,0.0,0.007910080318,0.0029,0.0001,0.0003,0.0039,0.000252867405,0.0025,0.0038,0.004,0.002573466959,0.001510309757,0.0,0.003799179503,0.0142,0.009489396694,0.000183203812,0.004853149157,0.005847109647,0.005207287095,2.3455678e-05,0.003163987597,0.0,0.0033445,0.0159144178231,0.00470460445685,0.0100887667698,0.00685164404297,0.00781048668574,0.0110807947454,0.0112782474894,0.00598264554971,0.00817237272525,0.00745963154775,0.0072218147218,0.0141399249965
G[T>A]G,0.001200228847,8.8721344e-05,0.008070136472,0.0133,0.006814352288,0.0006,0.0006,0.009057263056,0.0028,0.0,0.0004,0.0019,0.000153517461,0.0,0.0026,0.0051,0.003538822593,0.001505368776,0.0016,0.0008283337,0.0031,0.050293902428,0.0,0.000195758628,0.038241179315,0.001358121778,0.001565937159,0.002152847013,0.000533632401,0.0050167,0.00118998699257,0.0117542472338,0.0088093606403,0.00861025181606,0.00984954475971,0.00867230378591,0.0084700699885,0.00763116936569,0.0101725117404,0.00968323969686,0.00945182254481,0.00484651243636
G[T>A]T,0.002107136837,0.000215755466,0.008679121744,0.0045,0.005101032909,0.0021,0.001,0.017812238647,0.0036,0.0004,0.0001,0.0031,0.000122745552,0.0009,0.0043,0.0033,0.003879009961,0.003611025202,0.0052,0.001900746587,0.0041,0.010601457233,0.0,0.0,0.020167954419,0.002513112942,0.0,0.002007733244,0.0,0.0063939,0.00306198363314,0.026405787435,0.0149403173338,0.0050990673781,0.00898743155211,0.00479726902764,0.00508367644991,0.00470941691402,0.00598692803512,0.00570869818828,0.00529067863306,0.00459526958138
G[T>C]A,0.011247835116,4.673852e-06,0.006850055574,0.0061,0.016294982792,0.0122,0.0002,0.005720778549,0.0091,0.0064,0.001,0.0573,0.001054081222,0.0078,0.0195,0.0161,1.1401335e-05,0.000529126468,0.0039,0.002469317074,0.1426,0.004217454113,0.000251168628,0.00126974984,0.017489823879,0.098052824719,0.004777380354,0.003655048127,0.007090803763,0.0,0.00162753923814,0.00462863164284,0.0127937305175,0.00654988142283,0.00694438939297,0.00632518742409,0.00640388277612,0.00922392794295,0.00781332008781,0.00716002859905,0.00656418314809,0.00375994968994
G[T>C]C,0.006999724257,0.000186065927,0.006260749014,0.0016,0.009574560593,0.0059,0.0001,0.005181051502,0.0097,0.0101,0.0016,0.0274,0.000529899747,0.0127,0.0499,0.0099,0.009657713318,0.002279130829,0.003,0.001565632906,0.0665,0.0,0.000538218489,0.006710339996,0.004045612446,0.040226363963,0.00196495433,0.007071175327,0.007111327534,0.0065906,0.00221884473958,0.00545070050571,0.00943260801183,0.010422328865,0.00767030637487,0.0112415382547,0.0068092693844,0.00956553438474,0.00797445556571,0.00784713701421,0.00720231292756,0.00841824948295
G[T>C]G,0.004977592617,4.95044e-07,0.006098762993,0.0042,0.014103929348,0.0115,0.0003,0.005040707471,0.0094,0.0054,0.0019,0.041,0.000630095718,0.0082,0.0154,0.0148,0.004654129131,0.005871056581,0.006,0.027341755021,0.0884,0.001474884534,0.0,0.000277684976,0.013402246274,0.044620700983,0.001229167749,0.00823223844,0.005643063554,0.0078694,0.000760611781264,0.00364134011366,0.012975007442,0.00868907004176,0.0094028590678,0.0083549445097,0.00900407408794,0.00774632317912,0.0102656448412,0.00964339072458,0.00881199090338,0.00474746724447
G[T>C]T,0.010667406133,0.000578598104,0.007509343859,0.0024,0.015666874692,0.0042,0.0081,0.008488220258,0.0126,0.0124,0.0023,0.0405,0.000676187888,0.0086,0.0094,0.0142,0.008149234601,0.004771565739,0.0099,0.001498264796,0.1003,0.001561042738,0.000995769681,0.004238477669,0.014159693736,0.05552806828,0.003747225013,0.00040788451,0.011237674345,0.0084596,0.0022853847747,0.0177883977421,0.00807368469427,0.00495610782429,0.00566739328147,0.00506307811338,0.012261180751,0.00462157559565,0.00626114034373,0.0119610446876,0.0083724585762,0.00457290732849
G[T>G]A,9.9045003e-05,9.5552392e-05,0.004144488018,0.0,0.001627664547,0.0,0.0,0.000974578665,0.0072,0.0,0.0,0.0,1.8489857e-05,0.0,0.0,0.0,3.9193821e-05,0.001341532464,0.0,3.579149e-06,0.0,0.0,0.0,0.0,0.005546226924,3.7393232e-05,0.0,0.0,0.0,0.0032461,0.000404148905463,0.00348597394786,0.00637910633919,0.00655467093875,0.00747422095414,0.00662479636684,0.00671059442889,0.00878315092127,0.00749193697632,0.0070380988245,0.00679982941805,0.00377492839523
G[T>G]C,0.000202365646,4.7002381e-05,0.004501985313,0.0,0.000327734937,0.0016,0.0,0.000524821555,0.0006,0.002,0.0,0.0004,9.3373513e-05,0.0019,0.0022,0.0032,0.009078461515,9.20431e-07,0.0,0.002830575073,0.0006,0.0,0.0,0.001073632302,0.0,0.002460704995,5.0790565e-05,0.0,0.0,0.001869,0.00182596365543,0.00257330001045,0.00666766216687,0.0110291148078,0.00726703842068,0.00695474921396,0.00680365042362,0.00619125815296,0.00776931523058,0.00728733472674,0.00694090296274,0.00389696066644
G[T>G]G,0.001188353185,0.000109925703,0.016391452608,0.0018,0.005948879802,0.001,0.0017,0.006087753467,0.005,0.0009,0.001,0.0011,1.0579194e-05,0.0012,0.0037,0.0008,0.004782775461,0.009694999981,0.0043,0.002733219405,0.0004,0.001877589181,0.000187132414,0.002924696996,0.008685244444,0.000817201563,0.00474291855,0.004217808299,0.003640593813,0.0033445,0.00537162102661,0.00244153385241,0.00642299013458,0.00842268740356,0.00939178649559,0.00856900056533,0.0138032979394,0.00758794991667,0.0161429487757,0.0165684247537,0.00881320106061,0.0174674115162
G[T>G]T,0.000800723342,8.647718e-05,0.007067236643,0.0002,0.003307466591,0.0035,0.0009,0.005427433785,0.0185,0.003,0.0,0.0032,5.3741207e-05,0.0038,0.019,0.0044,0.063497756582,0.002890553519,0.0025,0.003558558565,0.0008,0.0,0.0,0.000825098263,0.002768571683,0.007833561271,0.00229847603,0.031648997321,0.006181023776,0.0056069,0.00197537291552,0.00267677429491,0.00736718952183,0.00508369879474,0.00547352487905,0.00512157114038,0.00474721922128,0.00437482215636,0.00602466859299,0.00834666152358,0.00511516824295,0.00285014501
T[C>A]A,0.012250063666,0.015127427519,0.011653224909,0.033,0.014774016248,0.0017,0.001,0.027032383039,0.0222,0.0374,0.0009,0.0066,0.048166047937,0.0005,0.0057,0.0122,0.001824558257,0.067080643529,0.0051,0.000688299692,0.0001,0.004051634552,0.002071289985,0.031451263182,0.006938146585,0.002680062424,0.007079284522,0.000775902768,0.026894406511,0.0,0.00667558450374,0.00473581222378,0.0132199599493,0.0143713809048,0.0101467389555,0.0117866859378,0.00586324689512,0.0116498176544,0.0065484931195,0.00644184284225,0.00598652034032,0.00448674182676
T[C>A]C,0.011162229329,0.006532492454,0.016606775011,0.0538,0.012043464964,0.0029,0.002,0.01808977329,0.0043,0.0103,0.0025,0.0099,0.017329557089,0.0166,0.0062,0.0145,0.001286518338,0.041869009693,0.0063,0.00405822906,0.0005,0.002739770937,0.000696410201,0.062538293699,0.0102466074,0.002031643866,0.006268800628,0.000829292467,0.031608136996,0.0,0.127978930803,0.00368518742237,0.0165824598039,0.0228776335499,0.00859016517078,0.0183006142518,0.0121450887749,0.0162105145615,0.00931075372073,0.00844716631968,0.0127566792383,0.0193437135942
T[C>A]G,0.002275495686,0.001656455398,0.001357239439,0.0104,0.003902362388,0.0011,0.0002,0.001694875197,0.0,0.0031,0.0001,0.0019,0.002293157306,0.0,0.0025,0.004,0.002172941968,0.01516237929,0.0018,0.001001102231,0.0,0.00051315107,9.9393633e-05,0.012802590728,0.0,0.0002650717,0.001446403415,0.0,0.012500468152,0.0016722,0.0010307763983,0.00137815165018,0.00670501837452,0.00315186845255,0.00144930882984,0.00126697342239,0.00171995935154,0.00184060665231,0.00152549131265,0.00221874028894,0.00141916670935,0.000724521082491
T[C>A]T,0.015259102491,0.012394610714,0.016328075975,0.037,0.018243395705,0.0058,0.0013,0.038141330868,0.0322,0.3083,0.0004,0.0049,0.018634581512,0.0516,0.0145,0.0157,0.005012316394,0.117877846666,0.0087,0.012229104507,0.0004,0.003605650899,0.000207430191,0.030297679613,0.024625787226,0.003017187457,0.00980627775,0.001998073667,0.04120717639,0.0,0.0399348894515,0.00753294177806,0.0157011242872,0.00751732608654,0.00874373092853,0.0121798261797,0.0127740587913,0.00708833539104,0.00914647776804,0.0128008236622,0.0079301352624,0.0126813269151
T[C>G]A,0.001874853199,0.037241853149,0.016041405438,0.0032,0.002681056961,0.0,0.0002,0.004117878837,0.0033,0.0,0.0001,0.0024,0.280234946548,0.0,0.0009,0.005,0.000392684657,0.001802969051,0.0005,2.4298469e-05,0.0002,0.000225490615,0.000230608944,0.010220857436,0.009798724567,0.004201896751,0.002870433721,0.000521370368,0.000820444889,0.0,0.00325213786246,0.00202091455451,0.0057767146164,0.00569623282527,0.00630026445558,0.00827670017186,0.00570723959262,0.00532272521948,0.00647833808562,0.00649941271568,0.00598076842582,0.00313986689998
T[C>G]C,0.002067418791,1.9413411e-05,0.020149920428,0.0105,0.007924048307,0.0002,0.001,0.003799649592,0.0025,0.0,0.0011,0.0027,0.063885286587,0.0,0.0026,0.0064,0.000655602418,0.007863006794,0.0011,0.00015199855,0.0003,0.00062869502,0.000165787009,0.007578365252,0.00326650715,0.002807761534,0.003107967569,0.00066732589,0.000444119287,0.0,0.00431182085005,0.00766868602954,0.00379545723773,0.00772862078808,0.00854004945786,0.00779070879811,0.0131242614731,0.00723513933732,0.0148390906096,0.00844923290126,0.00788879355193,0.00996114625267
T[C>G]G,0.000304897004,0.001625465457,0.002527910936,0.0031,0.001319075649,0.0,0.0003,2.5653018e-05,0.0,0.0,0.0003,0.0,0.009528486008,0.0,0.0,0.0,1.3641541e-05,0.001513223334,0.0,0.0,0.0,0.000395807994,0.0,0.001592714217,0.002057436753,6.197e-09,1.2810409e-05,0.0,0.000143297155,0.0019673,0.00174504056539,0.00140320688412,0.0039179995574,0.00224580656016,0.0013792605337,0.00314444270739,0.00122583877958,0.00118291984982,0.00153791866941,0.00226265918471,0.00130459561661,0.00113217501668
T[C>G]T,0.00315157446,0.066879899684,0.032673640762,0.005,0.006644595708,0.0001,0.0007,0.006247553738,0.0049,0.0001,0.0008,0.0015,0.330225481745,0.0001,0.0015,0.0169,0.002852380395,0.003567102065,0.0105,0.000683059976,0.0003,0.000257375147,0.000438955809,0.00610072719,0.01640091685,0.008019382986,0.002130587503,0.001245779535,0.001369869047,0.0,0.00596216971667,0.00313756445084,0.0084210530927,0.00766268874052,0.00880441783293,0.0121745262102,0.00738923048445,0.00679113587051,0.00856255378631,0.00802432754743,0.0126335238186,0.00704614372097
T[C>T]A,0.014492099634,0.419941399594,0.008880209061,0.0035,0.010997560324,0.0074,0.1202,0.00718066854,0.005,0.0037,0.0302,0.0138,0.113842093163,0.0092,0.0112,0.0172,0.016100784572,0.014923391701,0.0218,0.01071032207,0.0064,0.002016721688,0.014558613696,0.026571894346,0.0110775208,0.011303288768,0.018757776459,0.007622257672,0.012076583098,0.0849892,0.00295879780882,0.00461694997299,0.00471638352638,0.0080569381973,0.0102021917906,0.00559474969562,0.0120276915313,0.00812673897614,0.0169589345342,0.00975552989775,0.00595318297364,0.0175311078704
T[C>T]C,0.017680775357,0.081972496144,0.013529572798,0.007,0.020644964803,0.0067,0.2887,0.004061032938,0.0084,0.0211,0.1589,0.0095,0.015024839001,0.0283,0.0156,0.0131,0.016779984064,0.00996274431,0.033,0.00817550977,0.0086,0.001990834246,0.043510446939,0.012055691082,0.00644878754,0.010807526975,0.007989184406,0.005116619241,0.0,0.090301,0.0100358872023,0.0160430044947,0.00908578735043,0.0165779778442,0.00855959937024,0.00777188716396,0.00822714170093,0.00692532431,0.00927668381384,0.013888898786,0.00788194979621,0.00605503038752
T[C>T]G,0.076002221712,0.047720186368,0.001705408858,0.0011,0.007534489574,0.0391,0.0992,0.00553512152,0.0047,0.2141,0.008,0.001,0.006102097956,0.0094,0.0104,0.0036,0.016272095596,0.011549715126,0.009,0.023163899202,0.0126,0.001498473091,0.002752640544,0.00536335968,0.014083416181,0.010364329328,0.004609130971,0.00191802811,0.015830196802,0.0151485,0.00127415212976,0.00296993546893,0.00848514247909,0.00132444237539,0.0014637799401,0.00127317462196,0.00133889735222,0.0027267589326,0.00154700723543,0.00149263595008,0.00130623226442,0.00149586447553
T[C>T]T,0.013761704021,0.228674918306,0.010304416928,0.0077,0.011787461775,0.0047,0.0844,0.012209070497,0.0096,0.0392,0.0954,0.009,0.028140661233,0.0229,0.0076,0.0193,0.01982741755,0.005398013994,0.0267,0.009540087238,0.0064,0.001182226502,0.024328785234,0.00553249918,0.012418585885,0.00724914536,0.011880932482,0.006193158626,0.0134621373,0.045544,0.0126203124781,0.0278251623665,0.00842849240468,0.00777118456153,0.0192562382262,0.00747433823915,0.00751075656046,0.00704574275551,0.00916477623266,0.00861558186411,0.00794827925382,0.0229576989363
T[T>A]A,0.005600155423,8.0752486e-05,0.007132681354,0.0045,0.009205637343,0.0002,0.001,0.015139996236,0.0215,0.0,0.0003,0.0057,0.000403261316,0.0,0.0008,0.0085,0.000698812311,0.004663278043,0.0039,0.000924547968,0.0027,0.040810502825,0.0,0.0,0.021830329049,0.000628145256,0.052813887494,0.000203237563,0.001191207434,0.0076726,0.0059424760721,0.0314085929169,0.00782123902639,0.00804397865759,0.0158237256458,0.0063325033068,0.0079381059965,0.0312965676581,0.0230186716402,0.0106702591075,0.00667383013236,0.00571677936048
T[T>A]C,0.00199907926,4.802898e-06,0.009102797827,0.0046,0.006835344247,0.0008,0.0015,0.012093554606,0.0027,0.0008,0.0,0.0132,0.000771813274,0.0016,0.0019,0.0087,0.002579358604,0.002578155543,0.0048,0.000708206814,0.0045,0.025570395801,0.0,0.007994129155,0.003405686728,0.005073753861,4.7091785e-05,0.010180964868,0.001682664015,0.0064922,0.0130575501948,0.00984807514674,0.00927086763179,0.0076980641362,0.00537876212688,0.00783478209705,0.00462042348908,0.00974994499413,0.00570680362205,0.00801937090476,0.00807200700939,0.00782145315651
T[T>A]G,0.001090065693,6.6605043e-05,0.006565863041,0.0082,0.007144208769,0.0,0.001,0.00836254659,0.014,0.0,0.0,0.0037,0.000245194218,0.0,0.0006,0.0063,2.1133639e-05,0.002016738361,0.0052,9.7003127e-05,0.0,0.069845218085,0.000231525618,0.011202143591,0.010191520401,2.0138391e-05,0.0,0.003250427227,0.002438756,0.0036396,0.00477806334513,0.0193879301114,0.00596245285574,0.00503738786725,0.00526450426131,0.00490270035092,0.00478755338205,0.0106902483679,0.00594222594437,0.00566107092021,0.00836242615168,0.00283608697003
T[T>A]T,0.003981022761,0.000276315891,0.014712135403,0.0045,0.010240850413,0.0007,0.005,0.027653296254,0.0139,0.0028,0.0008,0.0094,0.000160345975,0.0012,0.0003,0.008,0.003883130589,0.002818679447,0.0085,0.00231348906,0.0008,0.023579061797,0.0,0.000270578768,0.014527539313,0.00123553847,0.001929770813,0.016492812256,0.0,0.0,0.0048803479417,0.0664883706917,0.0112002125097,0.00832049758096,0.00501893152531,0.00800067401666,0.00496520962775,0.00450694690349,0.00546433875131,0.00529204234181,0.00474998975778,0.00506037448184
T[T>C]A,0.008073616351,0.000101932352,0.009115495077,0.0028,0.017059640976,0.0059,0.0023,0.004901072379,0.0156,0.003,0.0002,0.05,0.000784056118,0.0018,0.0068,0.0246,0.001708586711,0.000302303565,0.0052,0.005734229562,0.0389,0.00480366974,0.0,0.001682291048,0.01451505009,0.028789680542,0.001721015277,0.009929552068,0.011498665964,0.0,0.00169517287584,0.00461412275893,0.00418996188629,0.00879163619022,0.00720454219753,0.00625411675484,0.00629231048749,0.00947867642597,0.00757674520987,0.0100108868675,0.0102779273925,0.00363032318611
T[T>C]C,0.004857381178,0.000470343659,0.010953790932,0.0016,0.014195709147,0.0035,0.0018,0.006081011299,0.0137,0.0097,0.0009,0.0342,0.000132974888,0.0056,0.0099,0.0183,0.011074152072,0.006260791115,0.002,0.011234254668,0.0313,0.000912157512,0.000230608944,0.002344527656,0.007406083457,0.036639492442,0.003489212553,0.029010563206,0.003584215038,0.0091481,0.00333246696172,0.00297349270658,0.00801442501796,0.00454178555325,0.00780649601979,0.00474468732963,0.00466929955578,0.00415791754035,0.0107125454753,0.00817814164172,0.00480946303707,0.00406370607423
T[T>C]G,0.008325454207,0.000192354203,0.006113033219,0.0036,0.012596501722,0.0106,0.0019,0.001712484699,0.0098,0.0065,0.0007,0.032,3.7402404e-05,0.0034,0.0039,0.0165,0.005932002763,0.001541265329,0.0057,0.023767611345,0.0249,0.00178173568,0.000239513775,0.000481274164,0.004892531217,0.01914369428,0.001152846581,0.015683218557,0.00169429667,0.0060004,0.00197262870678,0.00533451098643,0.00384239468429,0.00482458664933,0.00553629906239,0.0119699324497,0.00876205466914,0.00470232460481,0.00602062792508,0.00539170521077,0.00527928789253,0.00428375763971
T[T>C]T,0.006257105605,0.000585330275,0.010774336259,0.0022,0.017375139145,0.0029,0.0024,0.01000344183,0.0309,0.0099,0.0005,0.0371,0.000179702846,0.0026,0.0047,0.0174,0.007208218396,0.001357797089,0.0038,0.005395186301,0.0274,0.0,0.0,0.000358148002,0.017014780759,0.023071688831,0.001527957003,0.017291563618,0.003799705772,0.0,0.00234618979773,0.015162461799,0.0210188126467,0.00746888839624,0.00835729616925,0.00489627303538,0.00477631290782,0.00459210298058,0.00923131587911,0.0051115243919,0.0225471142688,0.00418915034289
T[T>G]A,0.001397553749,7.173695e-05,0.005427184241,0.0,0.00520287442,0.0009,0.0,0.001743221362,0.0502,0.005,0.0,0.0019,0.000546581847,0.0,0.0,0.0068,0.000133410642,3.6318404e-05,0.0032,2.69147e-07,0.0,0.001651698761,0.0,0.0,0.002081479927,8.534935e-06,0.001189022454,0.009389658706,0.0,0.0086563,0.00133102576948,0.00601835061005,0.0198419558123,0.00669704683333,0.00715598327019,0.00614702080212,0.010602006841,0.00566463812066,0.00719538278092,0.00715988440978,0.00641412395165,0.00346692020262
T[T>G]C,0.001291736985,1.4281456e-05,0.006160250423,0.0003,0.005131607914,0.0019,0.001,0.002549838329,0.0081,0.0092,0.0,0.0027,0.000235347085,0.0015,0.0004,0.0069,0.009613345245,0.00323383799,0.0018,0.000377234437,0.0018,0.0,0.0,0.0,0.000578978775,0.002718509845,0.000280295354,0.030117076984,0.0,0.0043282,0.000663600557603,0.00730590739835,0.00349159758589,0.00449132439175,0.0052627384593,0.00459548667913,0.00469048390825,0.00417655038998,0.00554151058698,0.00775975671561,0.0052047665685,0.00263049191802
T[T>G]G,0.00203107688,0.000206615168,0.011076526261,0.003,0.0060552541,0.0011,0.001,0.006030395185,0.0088,0.0022,0.0003,0.0011,4.79022e-07,0.0002,0.0009,0.0049,0.004522462318,0.000754601773,0.0011,0.000515421599,0.0003,0.002572751958,0.000247501933,0.00136050485,0.009429195885,0.001369161173,0.002353055589,0.012698750811,0.000353695951,0.0082628,0.00540199122504,0.00239513312418,0.00987825930638,0.00513316702606,0.0059217331773,0.00466633697868,0.00496271557296,0.00754501655593,0.00619495222195,0.00569469171644,0.00531783453116,0.0063969285647
T[T>G]T,0.00403012816,2.3598204e-05,0.013000984209,0.0011,0.013369935834,0.0072,0.0014,0.007223998893,0.0545,0.0633,0.0003,0.0032,0.000670588327,0.0025,0.0033,0.0163,0.05804040776,0.002126441532,0.0013,0.000615656691,0.0003,0.0,0.0,6.9515778e-05,0.007869671577,0.002568076726,0.000139561285,0.233659783276,0.006104834136,0.0,0.00216675353695,0.0119938878011,0.0111691468696,0.00467302562902,0.00830117477184,0.00468093709073,0.00790538621989,0.004208519263,0.00569332568262,0.00827523226262,0.00497331166549,0.00262547650101
